Workbook

Sheet autotagging_moodtheme
A1: TRACK_ID | B1: ARTIST_ID | C1: ALBUM_ID | D1: PATH | E1: DURATION | F1: TAGS | G1: Column1 | H1: _1 | I1: _2 | J1: _3 | K1: _4
A2: track_0000948 | B2: artist_000087 | C2: album_000149 | D2: 48/948.mp3 | E2: 2127 | F2: mood/theme---background
A3: track_0000950 | B3: artist_000087 | C3: album_000149 | D3: 50/950.mp3 | E3: 2480 | F3: mood/theme---background
A4: track_0000951 | B4: artist_000087 | C4: album_000149 | D4: 51/951.mp3 | E4: 1997 | F4: mood/theme---background
A5: track_0002165 | B5: artist_000326 | C5: album_000347 | D5: 65/2165.mp3 | E5: 2290 | F5: mood/theme---film
A6: track_0002263 | B6: artist_000320 | C6: album_000366 | D6: 63/2263.mp3 | E6: 4947 | F6: mood/theme---melancholic
A7: track_0003346 | B7: artist_000517 | C7: album_000521 | D7: 46/3346.mp3 | E7: 1950 | F7: mood/theme---calm | G7: mood/theme---melodic
A8: track_0003347 | B8: artist_000517 | C8: album_000521 | D8: 47/3347.mp3 | E8: 2018 | F8: mood/theme---calm | G8: mood/theme---melodic
A9: track_0003348 | B9: artist_000517 | C9: album_000521 | D9: 48/3348.mp3 | E9: 2533 | F9: mood/theme---calm | G9: mood/theme---melodic
A10: track_0003349 | B10: artist_000517 | C10: album_000521 | D10: 49/3349.mp3 | E10: 2284 | F10: mood/theme---calm | G10: mood/theme---melodic
A11: track_0003350 | B11: artist_000517 | C11: album_000521 | D11: 50/3350.mp3 | E11: 1947 | F11: mood/theme---calm | G11: mood/theme---melodic
A12: track_0003524 | B12: artist_000530 | C12: album_000552 | D12: 24/3524.mp3 | E12: 2661 | F12: mood/theme---melodic
A13: track_0004629 | B13: artist_000087 | C13: album_000718 | D13: 29/4629.mp3 | E13: 1805 | F13: mood/theme---melodic
A14: track_0004631 | B14: artist_000087 | C14: album_000718 | D14: 31/4631.mp3 | E14: 3342 | F14: mood/theme---melodic
A15: track_0004632 | B15: artist_000087 | C15: album_000718 | D15: 32/4632.mp3 | E15: 2943 | F15: mood/theme---background
A16: track_0004638 | B16: artist_000087 | C16: album_000718 | D16: 38/4638.mp3 | E16: 1802 | F16: mood/theme---children
A17: track_0004639 | B17: artist_000087 | C17: album_000718 | D17: 39/4639.mp3 | E17: 1880 | F17: mood/theme---children | G17: mood/theme---relaxing
A18: track_0004640 | B18: artist_000087 | C18: album_000718 | D18: 40/4640.mp3 | E18: 2624 | F18: mood/theme---background
A19: track_0004882 | B19: artist_000696 | C19: album_000751 | D19: 82/4882.mp3 | E19: 2104 | F19: mood/theme---meditative
A20: track_0004883 | B20: artist_000696 | C20: album_000751 | D20: 83/4883.mp3 | E20: 2495 | F20: mood/theme---meditative
A21: track_0004884 | B21: artist_000696 | C21: album_000751 | D21: 84/4884.mp3 | E21: 2207 | F21: mood/theme---meditative
A22: track_0004889 | B22: artist_000696 | C22: album_000751 | D22: 89/4889.mp3 | E22: 1790 | F22: mood/theme---meditative
A23: track_0005083 | B23: artist_000696 | C23: album_000786 | D23: 83/5083.mp3 | E23: 1654 | F23: mood/theme---meditative
A24: track_0005084 | B24: artist_000696 | C24: album_000786 | D24: 84/5084.mp3 | E24: 2057 | F24: mood/theme---cool
A25: track_0005085 | B25: artist_000696 | C25: album_000786 | D25: 85/5085.mp3 | E25: 2520 | F25: mood/theme---cool
A26: track_0005086 | B26: artist_000696 | C26: album_000786 | D26: 86/5086.mp3 | E26: 2350 | F26: mood/theme---cool
A27: track_0005089 | B27: artist_000696 | C27: album_000786 | D27: 89/5089.mp3 | E27: 1028 | F27: mood/theme---cool
A28: track_0005634 | B28: artist_000811 | C28: album_000867 | D28: 34/5634.mp3 | E28: 2331 | F28: mood/theme---documentary | G28: mood/theme---emotional | H28: mood/theme---space
A29: track_0005635 | B29: artist_000811 | C29: album_000867 | D29: 35/5635.mp3 | E29: 2326 | F29: mood/theme---documentary | G29: mood/theme---emotional | H29: mood/theme---space
A30: track_0005636 | B30: artist_000811 | C30: album_000867 | D30: 36/5636.mp3 | E30: 2774 | F30: mood/theme---documentary | G30: mood/theme---emotional | H30: mood/theme---space
A31: track_0005637 | B31: artist_000811 | C31: album_000867 | D31: 37/5637.mp3 | E31: 3350 | F31: mood/theme---documentary | G31: mood/theme---emotional | H31: mood/theme---space
A32: track_0005638 | B32: artist_000811 | C32: album_000867 | D32: 38/5638.mp3 | E32: 2257 | F32: mood/theme---documentary | G32: mood/theme---emotional | H32: mood/theme---space
A33: track_0005640 | B33: artist_000811 | C33: album_000867 | D33: 40/5640.mp3 | E33: 2273 | F33: mood/theme---documentary | G33: mood/theme---emotional | H33: mood/theme---space
A34: track_0005641 | B34: artist_000811 | C34: album_000867 | D34: 41/5641.mp3 | E34: 2151 | F34: mood/theme---documentary | G34: mood/theme---emotional | H34: mood/theme---space
A35: track_0005642 | B35: artist_000811 | C35: album_000867 | D35: 42/5642.mp3 | E35: 2173 | F35: mood/theme---documentary | G35: mood/theme---emotional | H35: mood/theme---space
A36: track_0005643 | B36: artist_000811 | C36: album_000867 | D36: 43/5643.mp3 | E36: 2316 | F36: mood/theme---documentary | G36: mood/theme---emotional | H36: mood/theme---space
A37: track_0006247 | B37: artist_000811 | C37: album_000960 | D37: 47/6247.mp3 | E37: 3817 | F37: mood/theme---emotional
A38: track_0006248 | B38: artist_000811 | C38: album_000960 | D38: 48/6248.mp3 | E38: 2498 | F38: mood/theme---documentary
A39: track_0006249 | B39: artist_000811 | C39: album_000960 | D39: 49/6249.mp3 | E39: 3647 | F39: mood/theme---documentary | G39: mood/theme---emotional
A40: track_0006250 | B40: artist_000811 | C40: album_000960 | D40: 50/6250.mp3 | E40: 2384 | F40: mood/theme---documentary | G40: mood/theme---emotional
A41: track_0006251 | B41: artist_000811 | C41: album_000960 | D41: 51/6251.mp3 | E41: 3924 | F41: mood/theme---documentary | G41: mood/theme---emotional
A42: track_0006252 | B42: artist_000811 | C42: album_000960 | D42: 52/6252.mp3 | E42: 3408 | F42: mood/theme---documentary | G42: mood/theme---emotional
A43: track_0006253 | B43: artist_000811 | C43: album_000960 | D43: 53/6253.mp3 | E43: 2718 | F43: mood/theme---documentary | G43: mood/theme---emotional | H43: mood/theme---relaxing
A44: track_0006254 | B44: artist_000811 | C44: album_000960 | D44: 54/6254.mp3 | E44: 4816 | F44: mood/theme---documentary | G44: mood/theme---emotional | H44: mood/theme---relaxing
A45: track_0006256 | B45: artist_000811 | C45: album_000960 | D45: 56/6256.mp3 | E45: 2365 | F45: mood/theme---documentary | G45: mood/theme---emotional | H45: mood/theme---relaxing
A46: track_0006257 | B46: artist_000811 | C46: album_000960 | D46: 57/6257.mp3 | E46: 2078 | F46: mood/theme---documentary | G46: mood/theme---emotional | H46: mood/theme---relaxing
A47: track_0006258 | B47: artist_000811 | C47: album_000960 | D47: 58/6258.mp3 | E47: 1765 | F47: mood/theme---documentary | G47: mood/theme---emotional | H47: mood/theme---relaxing
A48: track_0006606 | B48: artist_000787 | C48: album_001009 | D48: 06/6606.mp3 | E48: 2249 | F48: mood/theme---melodic
A49: track_0006607 | B49: artist_000787 | C49: album_001009 | D49: 07/6607.mp3 | E49: 2515 | F49: mood/theme---melodic
A50: track_0006608 | B50: artist_000787 | C50: album_001009 | D50: 08/6608.mp3 | E50: 2743 | F50: mood/theme---melodic
A51: track_0006609 | B51: artist_000787 | C51: album_001009 | D51: 09/6609.mp3 | E51: 2393 | F51: mood/theme---melodic
A52: track_0006610 | B52: artist_000787 | C52: album_001009 | D52: 10/6610.mp3 | E52: 2343 | F52: mood/theme---melodic
A53: track_0006611 | B53: artist_000787 | C53: album_001009 | D53: 11/6611.mp3 | E53: 3222 | F53: mood/theme---melodic
A54: track_0006719 | B54: artist_000937 | C54: album_001020 | D54: 19/6719.mp3 | E54: 1902 | F54: mood/theme---relaxing
A55: track_0006720 | B55: artist_000937 | C55: album_001020 | D55: 20/6720.mp3 | E55: 1324 | F55: mood/theme---relaxing
A56: track_0006721 | B56: artist_000937 | C56: album_001020 | D56: 21/6721.mp3 | E56: 1516 | F56: mood/theme---relaxing
A57: track_0006722 | B57: artist_000937 | C57: album_001020 | D57: 22/6722.mp3 | E57: 1772 | F57: mood/theme---relaxing
A58: track_0006723 | B58: artist_000937 | C58: album_001020 | D58: 23/6723.mp3 | E58: 2138 | F58: mood/theme---relaxing
A59: track_0006724 | B59: artist_000937 | C59: album_001020 | D59: 24/6724.mp3 | E59: 1555 | F59: mood/theme---relaxing
... A103: track_0011773 | B103: artist_000696 | C103: album_001741 | D103: 73/11773.mp3 | E103: 1226 | F103: mood/theme---cool
A104: track_0011839 | B104: artist_001780 | C104: album_001749 | D104: 39/11839.mp3 | E104: 2122 | F104: mood/theme---calm | G104: mood/theme---melodic | H104: mood/theme---relaxing | I104: mood/theme---soft
A105: track_0011840 | B105: artist_001780 | C105: album_001749 | D105: 40/11840.mp3 | E105: 1788 | F105: mood/theme---calm | G105: mood/theme---melodic | H105: mood/theme---relaxing | I105: mood/theme---soft
A106: track_0011841 | B106: artist_001780 | C106: album_001749 | D106: 41/11841.mp3 | E106: 1204 | F106: mood/theme---calm | G106: mood/theme---melodic | H106: mood/theme---relaxing | I106: mood/theme---soft
A107: track_0011842 | B107: artist_001780 | C107: album_001749 | D107: 42/11842.mp3 | E107: 919 | F107: mood/theme---calm | G107: mood/theme---melodic | H107: mood/theme---relaxing | I107: mood/theme---soft
A108: track_0011843 | B108: artist_001780 | C108: album_001749 | D108: 43/11843.mp3 | E108: 970 | F108: mood/theme---calm | G108: mood/theme---melodic | H108: mood/theme---relaxing | I108: mood/theme---soft
A109: track_0011844 | B109: artist_001780 | C109: album_001749 | D109: 44/11844.mp3 | E109: 1023 | F109: mood/theme---calm | G109: mood/theme---melodic | H109: mood/theme---relaxing | I109: mood/theme---soft
A110: track_0011845 | B110: artist_001780 | C110: album_001749 | D110: 45/11845.mp3 | E110: 2049 | F110: mood/theme---calm | G110: mood/theme---melodic | H110: mood/theme---relaxing | I110: mood/theme---soft
A111: track_0012099 | B111: artist_001822 | C111: album_001781 | D111: 99/12099.mp3 | E111: 2731 | F111: mood/theme---energetic | G111: mood/theme---heavy
A112: track_0012100 | B112: artist_001822 | C112: album_001781 | D112: 00/12100.mp3 | E112: 1983 | F112: mood/theme---energetic | G112: mood/theme---heavy
A113: track_0012101 | B113: artist_001822 | C113: album_001781 | D113: 01/12101.mp3 | E113: 2374 | F113: mood/theme---energetic | G113: mood/theme---heavy
A114: track_0012102 | B114: artist_001822 | C114: album_001781 | D114: 02/12102.mp3 | E114: 2025 | F114: mood/theme---energetic | G114: mood/theme---heavy
A115: track_0012303 | B115: artist_001858 | C115: album_001820 | D115: 03/12303.mp3 | E115: 3319 | F115: mood/theme---retro
A116: track_0012675 | B116: artist_001885 | C116: album_001858 | D116: 75/12675.mp3 | E116: 3300 | F116: mood/theme---melodic
A117: track_0013398 | B117: artist_001968 | C117: album_001938 | D117: 98/13398.mp3 | E117: 1750 | F117: mood/theme---ballad | G117: mood/theme---melodic
A118: track_0013400 | B118: artist_001968 | C118: album_001938 | D118: 00/13400.mp3 | E118: 2049 | F118: mood/theme---ballad
A119: track_0013823 | B119: artist_002023 | C119: album_001979 | D119: 23/13823.mp3 | E119: 885 | F119: mood/theme---dark
A120: track_0013824 | B120: artist_002023 | C120: album_001979 | D120: 24/13824.mp3 | E120: 2617 | F120: mood/theme---dark
A121: track_0013825 | B121: artist_002023 | C121: album_001979 | D121: 25/13825.mp3 | E121: 2316 | F121: mood/theme---dark
A122: track_0013826 | B122: artist_002023 | C122: album_001979 | D122: 26/13826.mp3 | E122: 2705 | F122: mood/theme---dark
A123: track_0013827 | B123: artist_002023 | C123: album_001979 | D123: 27/13827.mp3 | E123: 2302 | F123: mood/theme---dark
A124: track_0014013 | B124: artist_002054 | C124: album_002007 | D124: 13/14013.mp3 | E124: 2637 | F124: mood/theme---relaxing
A125: track_0014014 | B125: artist_002054 | C125: album_002007 | D125: 14/14014.mp3 | E125: 2214 | F125: mood/theme---relaxing
A126: track_0014015 | B126: artist_002054 | C126: album_002007 | D126: 15/14015.mp3 | E126: 1625 | F126: mood/theme---relaxing
A127: track_0014016 | B127: artist_002054 | C127: album_002007 | D127: 16/14016.mp3 | E127: 2457 | F127: mood/theme---relaxing
A128: track_0014017 | B128: artist_002054 | C128: album_002007 | D128: 17/14017.mp3 | E128: 2074 | F128: mood/theme---relaxing
A129: track_0014018 | B129: artist_002054 | C129: album_002007 | D129: 18/14018.mp3 | E129: 1558 | F129: mood/theme---relaxing
... A140: track_0015159 | B140: artist_002208 | C140: album_002161 | D140: 59/15159.mp3 | E140: 2771 | F140: mood/theme---ballad
A141: track_0015160 | B141: artist_002208 | C141: album_002161 | D141: 60/15160.mp3 | E141: 2672 | F141: mood/theme---advertising | G141: mood/theme---ballad
A142: track_0015161 | B142: artist_002208 | C142: album_002161 | D142: 61/15161.mp3 | E142: 3747 | F142: mood/theme---ballad | G142: mood/theme---emotional
A143: track_0015164 | B143: artist_002208 | C143: album_002162 | D143: 64/15164.mp3 | E143: 2802 | F143: mood/theme---epic
A144: track_0015166 | B144: artist_002208 | C144: album_002162 | D144: 66/15166.mp3 | E144: 3298 | F144: mood/theme---emotional
A145: track_0015167 | B145: artist_002208 | C145: album_002162 | D145: 67/15167.mp3 | E145: 2466 | F145: mood/theme---emotional
A146: track_0015169 | B146: artist_002208 | C146: album_002162 | D146: 69/15169.mp3 | E146: 1473 | F146: mood/theme---emotional
A147: track_0015171 | B147: artist_002208 | C147: album_002162 | D147: 71/15171.mp3 | E147: 3197 | F147: mood/theme---emotional
A148: track_0015963 | B148: artist_002317 | C148: album_002261 | D148: 63/15963.mp3 | E148: 3066 | F148: mood/theme---calm
A149: track_0015966 | B149: artist_002317 | C149: album_002261 | D149: 66/15966.mp3 | E149: 3366 | F149: mood/theme---calm
A150: track_0015998 | B150: artist_002324 | C150: album_002269 | D150: 98/15998.mp3 | E150: 2414 | F150: mood/theme---action | G150: mood/theme---adventure | H150: mood/theme---dramatic | I150: mood/theme---epic
A151: track_0015999 | B151: artist_002324 | C151: album_002269 | D151: 99/15999.mp3 | E151: 1336 | F151: mood/theme---emotional | G151: mood/theme---epic | H151: mood/theme---powerful | I151: mood/theme---upbeat
A152: track_0016000 | B152: artist_002324 | C152: album_002269 | D152: 00/16000.mp3 | E152: 1627 | F152: mood/theme---dramatic | G152: mood/theme---epic | H152: mood/theme---powerful | I152: mood/theme---upbeat
A153: track_0016038 | B153: artist_002323 | C153: album_002275 | D153: 38/16038.mp3 | E153: 1900 | F153: mood/theme---dark | G153: mood/theme---dramatic | H153: mood/theme---epic | I153: mood/theme---powerful
...

Sheet PROC
A1: TRACK_ID | B1: ARTIST_ID | C1: ALBUM_ID | D1: PATH | E1: DURATION | F1: TAGS
A2: =autotagging_moodtheme!A2 -> track_0000948 | B2: {=autotagging_moodtheme__2[ARTIST_ID]} -> artist_000087 | C2: {=autotagging_moodtheme__2[ALBUM_ID]} -> album_000149 | D2: {=autotagging_moodtheme__2[PATH]} -> 48/948.mp3 | E2: {=autotagging_moodtheme__2[DURATION]} -> 2127 | F2: =_xlfn.TEXTJOIN("+", TRUE(), autotagging_moodtheme__2[[#This Row],[TAGS]:[_4]]) -> mood/theme---background
A3: =autotagging_moodtheme!A3 -> track_0000950 | B3: artist_000087 | C3: album_000149 | D3: 50/950.mp3 | E3: 2480 | F3: =_xlfn.TEXTJOIN("+", TRUE(), autotagging_moodtheme__2[[#This Row],[TAGS]:[_4]]) -> mood/theme---background
A4: =autotagging_moodtheme!A4 -> track_0000951 | B4: artist_000087 | C4: album_000149 | D4: 51/951.mp3 | E4: 1997 | F4: =_xlfn.TEXTJOIN("+", TRUE(), autotagging_moodtheme__2[[#This Row],[TAGS]:[_4]]) -> mood/theme---background
A5: =autotagging_moodtheme!A5 -> track_0002165 | B5: artist_000326 | C5: album_000347 | D5: 65/2165.mp3 | E5: 2290 | F5: =_xlfn.TEXTJOIN("+", TRUE(), autotagging_moodtheme__2[[#This Row],[TAGS]:[_4]]) -> mood/theme---film
A6: =autotagging_moodtheme!A6 -> track_0002263 | B6: artist_000320 | C6: album_000366 | D6: 63/2263.mp3 | E6: 4947 | F6: =_xlfn.TEXTJOIN("+", TRUE(), autotagging_moodtheme__2[[#This Row],[TAGS]:[_4]]) -> mood/theme---melancholic
A7: =autotagging_moodtheme!A7 -> track_0003346 | B7: artist_000517 | C7: album_000521 | D7: 46/3346.mp3 | E7: 1950 | F7: =_xlfn.TEXTJOIN("+", TRUE(), autotagging_moodtheme__2[[#This Row],[TAGS]:[_4]]) -> mood/theme---calm+mood/theme---melodic
A8: =autotagging_moodtheme!A8 -> track_0003347 | B8: artist_000517 | C8: album_000521 | D8: 47/3347.mp3 | E8: 2018 | F8: =_xlfn.TEXTJOIN("+", TRUE(), autotagging_moodtheme__2[[#This Row],[TAGS]:[_4]]) -> mood/theme---calm+mood/theme---melodic
A9: =autotagging_moodtheme!A9 -> track_0003348 | B9: artist_000517 | C9: album_000521 | D9: 48/3348.mp3 | E9: 2533 | F9: =_xlfn.TEXTJOIN("+", TRUE(), autotagging_moodtheme__2[[#This Row],[TAGS]:[_4]]) -> mood/theme---calm+mood/theme---melodic
A10: =autotagging_moodtheme!A10 -> track_0003349 | B10: artist_000517 | C10: album_000521 | D10: 49/3349.mp3 | E10: 2284 | F10: =_xlfn.TEXTJOIN("+", TRUE(), autotagging_moodtheme__2[[#This Row],[TAGS]:[_4]]) -> mood/theme---calm+mood/theme---melodic
A11: =autotagging_moodtheme!A11 -> track_0003350 | B11: artist_000517 | C11: album_000521 | D11: 50/3350.mp3 | E11: 1947 | F11: =_xlfn.TEXTJOIN("+", TRUE(), autotagging_moodtheme__2[[#This Row],[TAGS]:[_4]]) -> mood/theme---calm+mood/theme---melodic
A12: =autotagging_moodtheme!A12 -> track_0003524 | B12: artist_000530 | C12: album_000552 | D12: 24/3524.mp3 | E12: 2661 | F12: =_xlfn.TEXTJOIN("+", TRUE(), autotagging_moodtheme__2[[#This Row],[TAGS]:[_4]]) -> mood/theme---melodic
A13: =autotagging_moodtheme!A13 -> track_0004629 | B13: artist_000087 | C13: album_000718 | D13: 29/4629.mp3 | E13: 1805 | F13: =_xlfn.TEXTJOIN("+", TRUE(), autotagging_moodtheme__2[[#This Row],[TAGS]:[_4]]) -> mood/theme---melodic
A14: =autotagging_moodtheme!A14 -> track_0004631 | B14: artist_000087 | C14: album_000718 | D14: 31/4631.mp3 | E14: 3342 | F14: =_xlfn.TEXTJOIN("+", TRUE(), autotagging_moodtheme__2[[#This Row],[TAGS]:[_4]]) -> mood/theme---melodic
... A18487: =autotagging_moodtheme!A18487 -> track_1422060 | B18487: artist_496314 | C18487: album_165847 | D18487: 60/1422060.mp3 | E18487: 3360 | F18487: =_xlfn.TEXTJOIN("+", TRUE(), autotagging_moodtheme__2[[#This Row],[TAGS]:[_4]]) -> mood/theme---advertising+mood/theme---dramatic+mood/theme---epic+mood/theme---movie
