Workbook

Sheet DATA
H1: Ini dijelaskan di Bab 2.2.4.1 | K1: Normalisasi per fitur/pita mel
B2: INPUT | C2: dB | I2: Z-SCORE
B3: 1 | C3: 2 | D3: 3 | E3: 4 | F3: 5 | I3: 1 | J3: 2 | K3: 3 | L3: 4 | M3: 5
A4: 1 | B4: -17.455579 | C4: 2.1746577 | D4: 2.367183 | E4: -16.994306 | F4: -31.521326 | H4: 1 | I4: =(B4-I$10)/I$11 -> 0.098070128 | J4: =(C4-J$10)/J$11 -> 0.76989837 | K4: =(D4-K$10)/K$11 -> 1.0888675 | L4: =(E4-L$10)/L$11 -> 0.41864133 | M4: =(F4-M$10)/M$11 -> -0.54807215
A5: 2 | B5: -13.55774 | C5: 1.9652145 | D5: -47.671875 | E5: -5.831727 | F5: -55.399592 | H5: 2 | I5: =(B5-I$10)/I$11 -> 0.39479458 | J5: =(C5-J$10)/J$11 -> 0.76298403 | K5: =(D5-K$10)/K$11 -> -1.5092547 | L5: =(E5-L$10)/L$11 -> 0.78695236 | M5: =(F5-M$10)/M$11 -> -1.6514231
A6: 3 | B6: -2.1784123 | C6: 9.7535512 | D6: -14.569788 | E6: -76.581514 | F6: -30.697405 | H6: 3 | I6: =(B6-I$10)/I$11 -> 1.2610502 | J6: =(C6-J$10)/J$11 -> 1.0201002 | K6: =(D6-K$10)/K$11 -> 0.20946803 | L6: =(E6-L$10)/L$11 -> -1.5474479 | M6: =(F6-M$10)/M$11 -> -0.51000095
A7: 4 | B7: -43.897392 | C7: -50.379692 | D7: -32.779354 | E7: -66.49576 | F7: -6.4124977 | H7: 4 | I7: =(B7-I$10)/I$11 -> -1.9148228 | J7: =(C7-J$10)/J$11 -> -0.96507706 | K7: =(D7-K$10)/K$11 -> -0.73600695 | L7: =(E7-L$10)/L$11 -> -1.2146669 | M7: =(F7-M$10)/M$11 -> 0.61213976
A8: 5 | B8: -10.70635 | C8: -72.225023 | D8: -26.179162 | E8: 1.4530419 | F8: 8.7227731 | H8: 5 | I8: =(B8-I$10)/I$11 -> 0.61185768 | J8: =(C8-J$10)/J$11 -> -1.6862565 | K8: =(D8-K$10)/K$11 -> -0.39331256 | L8: =(E8-L$10)/L$11 -> 1.0273144 | M8: =(F8-M$10)/M$11 -> 1.3115002
A9: 6 | B9: -24.667626 | C9: -18.167267 | D9: 7.2085165 | E9: -13.643349 | F9: -2.6529983 | H9: 6 | I9: =(B9-I$10)/I$11 -> -0.4509497 | J9: =(C9-J$10)/J$11 -> 0.098350912 | K9: =(D9-K$10)/K$11 -> 1.3402387 | L9: =(E9-L$10)/L$11 -> 0.52920668 | M9: =(F9-M$10)/M$11 -> 0.78585619
H10: avg | I10: =AVERAGE(B4:B9) -> -18.74385 | J10: =AVERAGE(C4:C9) -> -21.146426 | K10: =AVERAGE(D4:D9) -> -18.60408 | L10: =AVERAGE(E4:E9) -> -29.682269 | M10: =AVERAGE(F4:F9) -> -19.660174
H11: std_dev | I11: =_xlfn.STDEV.P(B4:B9) -> 13.136224 | J11: =_xlfn.STDEV.P(C4:C9) -> 30.29112 | K11: =_xlfn.STDEV.P(D4:D9) -> 19.259701 | L11: =_xlfn.STDEV.P(E4:E9) -> 30.307479 | M11: =_xlfn.STDEV.P(F4:F9) -> 21.641588
B12: PREDIKSI | E12: LABEL
B13: gembira | C13: sedih | D13: tegang
B14: 1 | C14: 2 | D14: 3 | I14: COUNTIF
A15: 1 | B15: Akan dihitung | E15: gembira | F15: tegang | I15: p_n | J15: n=1,2,3
A16: 2 | B16: Dummy | E16: gembira | F16: sedih | H16: gembira | I16: =J16/$J$19 -> 0.11538462 | J16: 3
A17: 3 | E17: tegang | F17: sedih | H17: sedih | I17: =J17/$J$19 -> 0.61538462 | J17: 16
A18: 4 | E18: gembira | H18: tegang | I18: =J18/$J$19 -> 0.26923077 | J18: 7
B19: >> LIHAT SHEET "EVAL" | J19: =SUM(J16:J18) -> 26

Sheet FRONTEND
A2: {=DATA!H2:M9} -> 0 | B2: Z-SCORE | C2: 0 | D2: 0 | E2: 0 | F2: 0 | M2: FEED-FORWARD | T2: FEED-FORWARD
A3: 0 | B3: 1 | C3: 2 | D3: 3 | E3: 4 | F3: 5 | M3: KONVOLUSI VERTIKAL | T3: KONVOLUSI HORIZONTAL
A4: 1 | B4: 0.098070128 | C4: 0.76989837 | D4: 1.0888675 | E4: 0.41864133 | F4: -0.54807215
A5: 2 | B5: 0.39479458 | C5: 0.76298403 | D5: -1.5092547 | E5: 0.78695236 | F5: -1.6514231 | M5: KERNEL | T5: KERNEL | W5: BIAS
A6: 3 | B6: 1.2610502 | C6: 1.0201002 | D6: 0.20946803 | E6: -1.5474479 | F6: -0.51000095 | M6: 1 | N6: 2 | O6: 3 | T6: 1 | W6: 1
A7: 4 | B7: -1.9148228 | C7: -0.96507706 | D7: -0.73600695 | E7: -1.2146669 | F7: 0.61213976 | L7: 1 | M7: -0.512 | N7: 0.897 | O7: -0.523 | S7: 1 | T7: 0.122 | V7: 1 | W7: 1
A8: 5 | B8: 0.61185768 | C8: -1.6862565 | D8: -0.39331256 | E8: 1.0273144 | F8: 1.3115002 | L8: 2 | M8: 0.122 | N8: -0.204 | O8: -0.74 | S8: 2 | T8: 0.516
A9: 6 | B9: -0.4509497 | C9: 0.098350912 | D9: 1.3402387 | E9: 0.52920668 | F9: 0.78585619 | L9: 3 | M9: 0.742 | N9: 0.805 | O9: -0.977 | S9: 3 | T9: -0.977
L10: 4 | M10: 0.782 | N10: 0.516 | O10: -0.914
B11: INPUT PADDED | L11: 5 | M11: 0.409 | N11: -0.438 | O11: 0.293 | T11: HASIL | U11: Pers 2.15
B12: 1 | C12: 2 | D12: 3 | E12: 4 | F12: 5 | G12: 6 | H12: 7 | T12: 1
A13: 1 | B13: 0 | C13: 0 | D13: 0 | E13: 0 | F13: 0 | G13: 0 | H13: 0 | M13: BIAS | S13: 1 | T13: {=SUM(B35:B37*$T$7:$T$9)+$W$7} -> 1.4261842
A14: 2 | B14: 0 | C14: 0 | D14: 0 | E14: 0 | F14: 0 | G14: 0 | H14: 0 | M14: 1 | S14: 2 | T14: {=SUM(B36:B38*$T$7:$T$9)+$W$7} -> 0.83446165
A15: 3 | B15: 0 | C15: {=B4:F9} -> 0.098070128 | D15: 0.76989837 | E15: 1.0888675 | F15: 0.41864133 | G15: -0.54807215 | H15: 0 | L15: 1 | M15: 1 | S15: 3 | T15: {=SUM(B37:B39*$T$7:$T$9)+$W$7} -> 1.839316
A16: 4 | B16: 0 | C16: 0.39479458 | D16: 0.76298403 | E16: -1.5092547 | F16: 0.78695236 | G16: -1.6514231 | H16: 0 | S16: 4 | T16: {=SUM(B38:B40*$T$7:$T$9)+$W$7} -> 0.40501336
A17: 5 | B17: 0 | C17: 1.2610502 | D17: 1.0201002 | E17: 0.20946803 | F17: -1.5474479 | G17: -0.51000095 | H17: 0 | M17: HASIL | N17: Pers 2.8 | S17: 5 | T17: {=SUM(B39:B41*$T$7:$T$9)+$W$7} -> 0.53701995
A18: 6 | B18: 0 | C18: -1.9148228 | D18: -0.96507706 | E18: -0.73600695 | F18: -1.2146669 | G18: 0.61213976 | H18: 0 | M18: 1 | N18: 2 | O18: 3 | P18: 4 | Q18: 5 | S18: 6 | T18: {=SUM(B40:B42*$T$7:$T$9)+$W$7} -> 1.2588938
A19: 7 | B19: 0 | C19: 0.61185768 | D19: -1.6862565 | E19: -0.39331256 | F19: 1.0273144 | G19: 1.3115002 | H19: 0 | L19: 1 | M19: {=SUM(B13:D17*$M$7:$O$11)+$M$15} -> -0.42034827 | N19: {=SUM(C13:E17*$M$7:$O$11)+$M$15} -> 2.8409404 | O19: {=SUM(D13:F17*$M$7:$O$11)+$M$15} -> 1.0094657 | P19: {=SUM(E13:G17*$M$7:$O$11)+$M$15} -> 4.0296677 | Q19: {=SUM(F13:H17*$M$7:$O$11)+$M$15} -> 0.22317045
A20: 8 | B20: 0 | C20: -0.4509497 | D20: 0.098350912 | E20: 1.3402387 | F20: 0.52920668 | G20: 0.78585619 | H20: 0 | L20: 2 | M20: {=SUM(B14:D18*$M$7:$O$11)+$M$15} -> 0.25689827 | N20: {=SUM(C14:E18*$M$7:$O$11)+$M$15} -> 3.1757752 | O20: {=SUM(D14:F18*$M$7:$O$11)+$M$15} -> 1.036264 | P20: {=SUM(E14:G18*$M$7:$O$11)+$M$15} -> 2.8218983 | Q20: {=SUM(F14:H18*$M$7:$O$11)+$M$15} -> -1.8207767 | T20: RELU | U20: Pers 2.16
A21: 9 | B21: 0 | C21: 0 | D21: 0 | E21: 0 | F21: 0 | G21: 0 | H21: 0 | L21: 3 | M21: {=SUM(B15:D19*$M$7:$O$11)+$M$15} -> -0.80936169 | N21: {=SUM(C15:E19*$M$7:$O$11)+$M$15} -> 3.1834322 | O21: {=SUM(D15:F19*$M$7:$O$11)+$M$15} -> 3.3789276 | P21: {=SUM(E15:G19*$M$7:$O$11)+$M$15} -> -0.59833113 | Q21: {=SUM(F15:H19*$M$7:$O$11)+$M$15} -> -1.6200946 | T21: 1
A22: 10 | B22: 0 | C22: 0 | D22: 0 | E22: 0 | F22: 0 | G22: 0 | H22: 0 | L22: 4 | M22: {=SUM(B16:D20*$M$7:$O$11)+$M$15} -> 1.4276994 | N22: {=SUM(C16:E20*$M$7:$O$11)+$M$15} -> 0.71676249 | O22: {=SUM(D16:F20*$M$7:$O$11)+$M$15} -> -2.9033451 | P22: {=SUM(E16:G20*$M$7:$O$11)+$M$15} -> 1.5094132 | Q22: {=SUM(F16:H20*$M$7:$O$11)+$M$15} -> -0.025170342 | S22: 1 | T22: =MAX(0,T13) -> 1.4261842
L23: 5 | M23: {=SUM(B17:D21*$M$7:$O$11)+$M$15} -> 4.5198657 | N23: {=SUM(C17:E21*$M$7:$O$11)+$M$15} -> -0.37831055 | O23: {=SUM(D17:F21*$M$7:$O$11)+$M$15} -> 0.11944987 | P23: {=SUM(E17:G21*$M$7:$O$11)+$M$15} -> -0.66688288 | Q23: {=SUM(F17:H21*$M$7:$O$11)+$M$15} -> 3.699123 | S23: 2 | T23: =MAX(0,T14) -> 0.83446165
B24: INPUT MEAN-POOLED | L24: 6 | M24: {=SUM(B18:D22*$M$7:$O$11)+$M$15} -> 0.45104667 | N24: {=SUM(C18:E22*$M$7:$O$11)+$M$15} -> 0.64449565 | O24: {=SUM(D18:F22*$M$7:$O$11)+$M$15} -> 1.2183254 | P24: {=SUM(E18:G22*$M$7:$O$11)+$M$15} -> -0.60824919 | Q24: {=SUM(F18:H22*$M$7:$O$11)+$M$15} -> 3.0540707 | S24: 3 | T24: =MAX(0,T15) -> 1.839316
B25: 1 | S25: 4 | T25: =MAX(0,T16) -> 0.40501336
A26: 1 | B26: =AVERAGE(B4:F4) -> 0.36548104 | M26: RELU | N26: Pers 2.9 | S26: 5 | T26: =MAX(0,T17) -> 0.53701995
A27: 2 | B27: =AVERAGE(B5:F5) -> -0.24318937 | M27: 1 | N27: 2 | O27: 3 | P27: 4 | Q27: 5 | S27: 6 | T27: =MAX(0,T18) -> 1.2588938
A28: 3 | B28: =AVERAGE(B6:F6) -> 0.086633902 | L28: 1 | M28: =MAX(0,M19) -> 0 | N28: =MAX(0,N19) -> 2.8409404 | O28: =MAX(0,O19) -> 1.0094657 | P28: =MAX(0,P19) -> 4.0296677 | Q28: =MAX(0,Q19) -> 0.22317045
A29: 4 | B29: =AVERAGE(B7:F7) -> -0.8436868 | L29: 2 | M29: =MAX(0,M20) -> 0.25689827 | N29: =MAX(0,N20) -> 3.1757752 | O29: =MAX(0,O20) -> 1.036264 | P29: =MAX(0,P20) -> 2.8218983 | Q29: =MAX(0,Q20) -> 0
A30: 5 | B30: =AVERAGE(B8:F8) -> 0.17422067 | L30: 3 | M30: =MAX(0,M21) -> 0 | N30: =MAX(0,N21) -> 3.1834322 | O30: =MAX(0,O21) -> 3.3789276 | P30: =MAX(0,P21) -> 0 | Q30: =MAX(0,Q21) -> 0
A31: 6 | B31: =AVERAGE(B9:F9) -> 0.46054055 | L31: 4 | M31: =MAX(0,M22) -> 1.4276994 | N31: =MAX(0,N22) -> 0.71676249 | O31: =MAX(0,O22) -> 0 | P31: =MAX(0,P22) -> 1.5094132 | Q31: =MAX(0,Q22) -> 0
L32: 5 | M32: =MAX(0,M23) -> 4.5198657 | N32: =MAX(0,N23) -> 0 | O32: =MAX(0,O23) -> 0.11944987 | P32: =MAX(0,P23) -> 0 | Q32: =MAX(0,Q23) -> 3.699123
B33: INPUT MEAN-POOLED PADDED | L33: 6 | M33: =MAX(0,M24) -> 0.45104667 | N33: =MAX(0,N24) -> 0.64449565 | O33: =MAX(0,O24) -> 1.2183254 | P33: =MAX(0,P24) -> 0 | Q33: =MAX(0,Q24) -> 3.0540707
B34: 1
A35: 1 | B35: 0
A36: 2 | B36: {=B26:B31} -> 0.36548104 | M36: MAX-POOLING | N36: Pers 2.9
A37: 3 | B37: -0.24318937 | M37: KERNEL 1x5
A38: 4 | B38: 0.086633902 | M38: 1
A39: 5 | B39: -0.8436868 | L39: 1 | M39: =MAX(M28:Q28) -> 4.0296677
A40: 6 | B40: 0.17422067 | L40: 2 | M40: =MAX(M29:Q29) -> 3.1757752
A41: 7 | B41: 0.46054055 | L41: 3 | M41: =MAX(M30:Q30) -> 3.3789276
A42: 8 | B42: 0 | L42: 4 | M42: =MAX(M31:Q31) -> 1.5094132
L43: 5 | M43: =MAX(M32:Q32) -> 4.5198657
L44: 6 | M44: =MAX(M33:Q33) -> 3.0540707
M47: CONCATENATE | N47: Pers 2.20
M48: 1 | N48: 2
L49: 1 | M49: =M39 -> 4.0296677 | N49: =T22 -> 1.4261842
L50: 2 | M50: =M40 -> 3.1757752 | N50: =T23 -> 0.83446165
L51: 3 | M51: =M41 -> 3.3789276 | N51: =T24 -> 1.839316
L52: 4 | M52: =M42 -> 1.5094132 | N52: =T25 -> 0.40501336
L53: 5 | M53: =M43 -> 4.5198657 | N53: =T26 -> 0.53701995
L54: 6 | M54: =M44 -> 3.0540707 | N54: =T27 -> 1.2588938

Sheet CNN-BE
C2: CONCATENATE | I2: FEED-FORWARD | M2: FEED-FORWARD | U2: BACKPROPAGATION | AA2: BACKPROPAGATION
C3: 1 | D3: 2 | I3: KONVOLUSI VERTIKAL | M3: CLASSIFIER | U3: CLASSIFIER | AA3: BACK-END | AI3: 0 | AJ3: 0 | AK3: 0 | AL3: 0 | AM3: 0 | AN3: 0 | AO3: 0 | AP3: 0
B4: 1 | C4: {=FRONTEND!M49:N54} -> 4.0296677 | D4: 1.4261842 | AI4: 0 | AJ4: 0 | AK4: 0 | AL4: 0 | AM4: 0 | AN4: 0 | AO4: 0 | AP4: 0
B5: 2 | C5: 3.1757752 | D5: 0.83446165 | I5: KERNEL | M5: INPUT | P5: BOBOT | U5: L wrt y_n | V5: Pers 2.96 | AA5: KE RELU | AB5: Pers 2.25 | AI5: 0 | AJ5: 0 | AK5: 0 | AL5: 0 | AM5: 0 | AN5: 0 | AO5: 0 | AP5: 0
B6: 3 | C6: 3.3789276 | D6: 1.839316 | I6: 1 | J6: 2 | M6: 1 | P6: 1 | Q6: 2 | R6: 3 | U6: 1 | AA6: 1 | AB6: 2 | AI6: 0 | AJ6: 0 | AK6: 0 | AL6: =C4 -> 4.0296677 | AM6: =D4 -> 1.4261842 | AN6: 0 | AO6: 0 | AP6: 0
B7: 4 | C7: 1.5094132 | D7: 0.40501336 | H7: 1 | I7: -0.204 | J7: -0.74 | L7: 1 | M7: =I47 -> 3.9314647 | O7: 1 | P7: -0.134 | Q7: -0.671 | R7: -0.778 | T7: 1 | U7: =-1/3*((2/(1+DATA!$I$16))*N27/M21-((2*DATA!$I$16)/(1+DATA!$I$16))*(1-N27)*(1-M21)) -> -28.138492 | Z7: 1 | AA7: =U75*IF(U75>0,1,0) -> #VALUE! | AB7: =V75*IF(V75>0,1,0) -> #VALUE! | AI7: 0 | AJ7: 0 | AK7: 0 | AL7: =C5 -> 3.1757752 | AM7: =D5 -> 0.83446165 | AN7: 0 | AO7: 0 | AP7: 0
B8: 5 | C8: 4.5198657 | D8: 0.53701995 | H8: 2 | I8: 0.805 | J8: -0.977 | L8: 2 | M8: =I48 -> 2.5786605 | O8: 2 | P8: -0.945 | Q8: -0.04 | R8: 0.991 | T8: 2 | U8: =-1/3*((2/(1+DATA!$I$16))*N28/M22-((2*DATA!$I$16)/(1+DATA!$I$16))*(1-N28)*(1-M22)) -> 0.056701556 | Z8: 2 | AA8: =U76*IF(U76>0,1,0) -> #VALUE! | AB8: =V76*IF(V76>0,1,0) -> #VALUE! | AI8: 0 | AJ8: 0 | AK8: 0 | AL8: =C6 -> 3.3789276 | AM8: =D6 -> 1.839316 | AN8: 0 | AO8: 0 | AP8: 0
B9: 6 | C9: 3.0540707 | D9: 1.2588938 | H9: 3 | I9: 0.516 | J9: -0.914 | L9: 3 | M9: =I49 -> 2.02834 | O9: 3 | P9: -0.62 | Q9: 0.312 | R9: -0.121 | T9: 3 | U9: =-1/3*((2/(1+DATA!$I$16))*N29/M23-((2*DATA!$I$16)/(1+DATA!$I$16))*(1-N29)*(1-M23)) -> -0.91265248 | Z9: 3 | AA9: =U77*IF(U77>0,1,0) -> #VALUE! | AB9: =V77*IF(V77>0,1,0) -> #VALUE! | AI9: 0 | AJ9: 0 | AK9: 0 | AL9: =C7 -> 1.5094132 | AM9: =D7 -> 0.40501336 | AN9: 0 | AO9: 0 | AP9: 0
B10: DARI FRONT-END | L10: 4 | M10: =I50 -> 2.0931661 | O10: 4 | P10: -0.291 | Q10: -0.202 | R10: 0.186 | Z10: 4 | AA10: =U78*IF(U78>0,1,0) -> #VALUE! | AB10: =V78*IF(V78>0,1,0) -> #VALUE! | AI10: 0 | AJ10: 0 | AK10: 0 | AL10: =C8 -> 4.5198657 | AM10: =D8 -> 0.53701995 | AN10: 0 | AO10: 0 | AP10: 0
I11: BIAS | Z11: 5 | AA11: =U79*IF(U79>0,1,0) -> #VALUE! | AB11: =V79*IF(V79>0,1,0) -> #VALUE! | AI11: 0 | AJ11: 0 | AK11: 0 | AL11: =C9 -> 3.0540707 | AM11: =D9 -> 1.2588938 | AN11: 0 | AO11: 0 | AP11: 0
C12: CONCATENATE PADDING | I12: 1 | T12: Pers 2.99 | U12: KE SIGMOID | Z12: 6 | AA12: =U80*IF(U80>0,1,0) -> #VALUE! | AB12: =V80*IF(V80>0,1,0) -> #VALUE! | AI12: 0 | AJ12: 0 | AK12: 0 | AL12: 0 | AM12: 0 | AN12: 0 | AO12: 0 | AP12: 0
C13: 1 | D13: 2 | E13: 3 | H13: 1 | I13: 1 | M13: OUTPUT | N13: Pers 2.94 | P13: BIAS | U13: 1 | AI13: 0 | AJ13: 0 | AK13: 0 | AL13: 0 | AM13: 0 | AN13: 0 | AO13: 0 | AP13: 0
B14: 1 | C14: 0 | D14: 0 | E14: 0 | M14: 1 | P14: 1 | T14: 1 | U14: =-1/3*((2/(1+DATA!$I$16))*N27*(1-M21)-((2*DATA!$I$16)/(1+DATA!$I$16))*(1-N27)*M21) -> -0.58500514 | AA14: KERNEL | AB14: Pers 2.26 | AE14: BIAS | AF14: Pers 2.27 | AI14: 0 | AJ14: 0 | AK14: 0 | AL14: 0 | AM14: 0 | AN14: 0 | AO14: 0 | AP14: 0
B15: 2 | C15: =C4 -> 4.0296677 | D15: =D4 -> 1.4261842 | E15: 0 | I15: HASIL | J15: Pers 2.23 | L15: 1 | M15: {=TRANSPOSE(MMULT(TRANSPOSE(M7:M10),P7:R10)+TRANSPOSE(P15:P17))} -> -3.8303326 | O15: 1 | P15: 1 | T15: 2 | U15: =-1/3*((2/(1+DATA!$I$16))*N28*(1-M22)-((2*DATA!$I$16)/(1+DATA!$I$16))*(1-N28)*M22) -> 0.012263961 | AA15: 1 | AB15: 2 | AE15: 1 | AI15: Catatan: ini adalah matriks hasil concatenate dari front-end saat feed-forward
B16: 3 | C16: =C5 -> 3.1757752 | D16: =D5 -> 0.83446165 | E16: 0 | I16: 1 | J16: 2 | L16: 2 | M16: -1.5311367 | O16: 2 | P16: 1 | T16: 3 | U16: =-1/3*((2/(1+DATA!$I$16))*N29*(1-M23)-((2*DATA!$I$16)/(1+DATA!$I$16))*(1-N29)*M23) -> -0.20626337 | Z16: 1 | AA16: {=I7-M32*SUM($AA$7:$AB$12*AL5:AM10)} -> #VALUE! | AB16: {=J7-N32*SUM($AA$7:$AB$12*AM5:AN10)} -> #VALUE! | AD16: 1 | AE16: =I13-M32*SUM(AA7:AB12) -> #VALUE!
B17: 4 | C17: =C6 -> 3.3789276 | D17: =D6 -> 1.839316 | E17: 0 | H17: 1 | I17: {=SUM(C14:D16*$I$7:$J$9)+$I$13} -> 3.7265026 | J17: {=SUM(D14:E16*$I$7:$J$9)+$I$13} -> 2.5786605 | L17: 3 | M17: 0.64067276 | O17: 3 | P17: 1 | Z17: 2 | AA17: {=I8-M40*SUM($AA$7:$AB$12*AL6:AM11)} -> #VALUE! | AB17: {=J8-N40*SUM($AA$7:$AB$12*AM6:AN11)} -> #VALUE! | AI17: 0 | AJ17: 0 | AK17: 0 | AL17: 0 | AM17: 0 | AN17: 0 | AO17: 0 | AP17: 0 | AS17: 0 | AT17: 1
B18: 5 | C18: =C7 -> 1.5094132 | D18: =D7 -> 0.40501336 | E18: 0 | H18: 2 | I18: {=SUM(C15:D17*$I$7:$J$9)+$I$13} -> 0.92619334 | J18: {=SUM(D15:E17*$I$7:$J$9)+$I$13} -> 2.3298871 | Z18: 3 | AA18: {=I9-M41*SUM($AA$7:$AB$12*AL7:AM12)} -> #VALUE! | AB18: {=J9-N41*SUM($AA$7:$AB$12*AM7:AN12)} -> #VALUE! | AI18: 0 | AJ18: 0 | AK18: 0 | AL18: 0 | AM18: 0 | AN18: 0 | AO18: 0 | AP18: 0 | AS18: 1 | AT18: 0
B19: 6 | C19: =C8 -> 4.5198657 | D19: =D8 -> 0.53701995 | E19: 0 | H19: 3 | I19: {=SUM(C16:D18*$I$7:$J$9)+$I$13} -> 1.0663402 | J19: {=SUM(D16:E18*$I$7:$J$9)+$I$13} -> 2.5194061 | M19: OUTPUT SIGMOID | O19: Pers 2.95 | U19: BOBOT | V19: Pers 2.100 | AI19: 0 | AJ19: 0 | AK19: 0 | AL19: 0 | AM19: 0 | AN19: 0 | AO19: 0 | AP19: 0
B20: 7 | C20: =C9 -> 3.0540707 | D20: =D9 -> 1.2588938 | E20: 0 | H20: 4 | I20: {=SUM(C17:D19*$I$7:$J$9)+$I$13} -> 1.6103989 | J20: {=SUM(D17:E19*$I$7:$J$9)+$I$13} -> 1.2279176 | M20: 1 | U20: 1 | V20: 2 | W20: 3 | AA20: KE FRONT-END | AC20: Pers 2.31 | AI20: 0 | AJ20: 0 | AK20: 0 | AL20: {=AA7:AB12} -> #VALUE! | AM20: #VALUE! | AN20: 0 | AO20: 0 | AP20: 0 | AS20: 0 | AT20: 0 | AU20: 1
B21: 8 | C21: 0 | D21: 0 | E21: 0 | H21: 5 | I21: {=SUM(C18:D20*$I$7:$J$9)+$I$13} -> 3.9314647 | J21: {=SUM(D18:E20*$I$7:$J$9)+$I$13} -> 1.9992676 | L21: 1 | M21: =1/(1+EXP(-M15)) -> 0.021241407 | N21: gembira | T21: 1 | U21: {=P7:P10-$M$32*$U14*$M$7:$M$10} -> 0.095992705 | V21: {=Q7:Q10-$M$32*$U14*$M$7:$M$10} -> -0.44100729 | W21: {=R7:R10-$M$32*$U14*$M$7:$M$10} -> -0.54800729 | AA21: 1 | AB21: 2 | AI21: 0 | AJ21: 0 | AK21: 0 | AL21: #VALUE! | AM21: #VALUE! | AN21: 0 | AO21: 0 | AP21: 0 | AS21: 0 | AT21: 1 | AU21: 0
H22: 6 | I22: {=SUM(C19:D21*$I$7:$J$9)+$I$13} -> 0.90914028 | J22: {=SUM(D19:E21*$I$7:$J$9)+$I$13} -> 1.9038575 | L22: 2 | M22: =1/(1+EXP(-M16)) -> 0.17782743 | N22: sedih | T22: 2 | U22: -0.79414704 | V22: 0.11085296 | W22: 1.141853 | Z22: 1 | AA22: {=SUM(MMULT($AS$20:$AU$22,MMULT(AL19:AM21,$AS$17:$AT$18))*$AA$16:$AB$18)} -> #VALUE! | AB22: {=SUM(MMULT($AS$20:$AU$22,MMULT(AM19:AN21,$AS$17:$AT$18))*$AA$16:$AB$18)} -> #VALUE! | AI22: 0 | AJ22: 0 | AK22: 0 | AL22: #VALUE! | AM22: #VALUE! | AN22: 0 | AO22: 0 | AP22: 0 | AS22: 1 | AT22: 0 | AU22: 0
L23: 3 | M23: =1/(1+EXP(-M17)) -> 0.65490552 | N23: tegang | T23: 3 | U23: -0.50134107 | V23: 0.43065893 | W23: -0.0023410672 | Z23: 2 | AA23: {=SUM(MMULT($AS$20:$AU$22,MMULT(AL20:AM22,$AS$17:$AT$18))*$AA$16:$AB$18)} -> #VALUE! | AB23: {=SUM(MMULT($AS$20:$AU$22,MMULT(AM20:AN22,$AS$17:$AT$18))*$AA$16:$AB$18)} -> #VALUE! | AI23: 0 | AJ23: 0 | AK23: 0 | AL23: #VALUE! | AM23: #VALUE! | AN23: 0 | AO23: 0 | AP23: 0
I24: RELU | J24: Pers 2.24 | T24: 4 | U24: -0.16854871 | V24: -0.079548711 | W24: 0.30845129 | Z24: 3 | AA24: {=SUM(MMULT($AS$20:$AU$22,MMULT(AL21:AM23,$AS$17:$AT$18))*$AA$16:$AB$18)} -> #VALUE! | AB24: {=SUM(MMULT($AS$20:$AU$22,MMULT(AM21:AN23,$AS$17:$AT$18))*$AA$16:$AB$18)} -> #VALUE! | AI24: 0 | AJ24: 0 | AK24: 0 | AL24: #VALUE! | AM24: #VALUE! | AN24: 0 | AO24: 0 | AP24: 0
I25: 1 | J25: 2 | M25: LOSS | O25: Pers 2.122 | Z25: 4 | AA25: {=SUM(MMULT($AS$20:$AU$22,MMULT(AL22:AM24,$AS$17:$AT$18))*$AA$16:$AB$18)} -> #VALUE! | AB25: {=SUM(MMULT($AS$20:$AU$22,MMULT(AM22:AN24,$AS$17:$AT$18))*$AA$16:$AB$18)} -> #VALUE! | AI25: 0 | AJ25: 0 | AK25: 0 | AL25: #VALUE! | AM25: #VALUE! | AN25: 0 | AO25: 0 | AP25: 0
H26: 1 | I26: =MAX(0,I17) -> 3.7265026 | J26: =MAX(0,J17) -> 2.5786605 | M26: 1 | N26: t_n | Z26: 5 | AA26: {=SUM(MMULT($AS$20:$AU$22,MMULT(AL23:AM25,$AS$17:$AT$18))*$AA$16:$AB$18)} -> #VALUE! | AB26: {=SUM(MMULT($AS$20:$AU$22,MMULT(AM23:AN25,$AS$17:$AT$18))*$AA$16:$AB$18)} -> #VALUE! | AI26: 0 | AJ26: 0 | AK26: 0 | AL26: 0 | AM26: 0 | AN26: 0 | AO26: 0 | AP26: 0
H27: 2 | I27: =MAX(0,I18) -> 0.92619334 | J27: =MAX(0,J18) -> 2.3298871 | L27: n=1 | M27: =((2/(1+DATA!$I$16))*N27*LN(M21)+((2*DATA!$I$16)/(1+DATA!$I$16))*(1-N27)*LN(1-M21)) -> -6.906681 | N27: 1 | U27: BIAS | V27: Pers 2.101 | Z27: 6 | AA27: {=SUM(MMULT($AS$20:$AU$22,MMULT(AL24:AM26,$AS$17:$AT$18))*$AA$16:$AB$18)} -> #VALUE! | AB27: {=SUM(MMULT($AS$20:$AU$22,MMULT(AM24:AN26,$AS$17:$AT$18))*$AA$16:$AB$18)} -> #VALUE! | AI27: 0 | AJ27: 0 | AK27: 0 | AL27: 0 | AM27: 0 | AN27: 0 | AO27: 0 | AP27: 0
H28: 3 | I28: =MAX(0,I19) -> 1.0663402 | J28: =MAX(0,J19) -> 2.5194061 | L28: 2 | M28: =((2/(1+DATA!$I$17))*N28*LN(M22)+((2*DATA!$I$17)/(1+DATA!$I$17))*(1-N28)*LN(1-M22)) -> -0.14918474 | N28: 0 | U28: 1 | AI28: 0 | AJ28: 0 | AK28: 0 | AL28: 0 | AM28: 0 | AN28: 0 | AO28: 0 | AP28: 0
H29: 4 | I29: =MAX(0,I20) -> 1.6103989 | J29: =MAX(0,J20) -> 1.2279176 | L29: 3 | M29: =((2/(1+DATA!$I$18))*N29*LN(M23)+((2*DATA!$I$18)/(1+DATA!$I$18))*(1-N29)*LN(1-M23)) -> -0.66696192 | N29: 1 | T29: 1 | U29: =P15-$M$32*$U14 -> 1.0585005 | AI29: Catatan: matriks gradien RELU di-flip vertikal lalu horizontal sebelum dikalikan dengan kernel
H30: 5 | I30: =MAX(0,I21) -> 3.9314647 | J30: =MAX(0,J21) -> 1.9992676 | L30: avg | M30: =-1*SUM(M27:M29)/3 -> 2.5742759 | T30: 2 | U30: =P16-$M$32*$U15 -> 0.9987736
H31: 6 | I31: =MAX(0,I22) -> 0.90914028 | J31: =MAX(0,J22) -> 1.9038575 | T31: 3 | U31: =P17-$M$32*$U16 -> 1.0206263
L32: lr= | M32: 0.1 | AA32: FRONT-END
I33: MAX-POOLING | AA33: KONVOLUSI VERTIKAL
I34: KERNEL 1x2 | J34: Pers 2.92 | AA34: KE MAX-POOLING | AC34: HASIL | AD34: Pers 2.10 | AI34: 0 | AJ34: 0 | AK34: 0 | AL34: 0 | AM34: 0 | AN34: 0 | AO34: 0 | AP34: 0 | AQ34: 0 | AR34: 0 | AS34: 0
I35: 1 | J35: 2 | AA35: 1 | AB35: argmax | AC35: 1 | AD35: 2 | AE35: 3 | AF35: 4 | AG35: 5 | AI35: 0 | AJ35: 0 | AK35: 0 | AL35: 0 | AM35: 0 | AN35: 0 | AO35: 0 | AP35: 0 | AQ35: 0 | AR35: 0 | AS35: 0
H36: 1 | I36: =MAX(I26:I31) -> 3.9314647 | J36: =MAX(J26:J31) -> 2.5786605 | Z36: 1 | AA36: =AA22 -> #VALUE! | AB36: =MATCH(MAX(FRONTEND!M28:Q28),FRONTEND!M28:Q28,0) -> 4 | AC36: =IF($AB36=AC$35,$AA36,0) -> 0 | AD36: =IF($AB36=AD$35,$AA36,0) -> 0 | AE36: =IF($AB36=AE$35,$AA36,0) -> 0 | AF36: =IF($AB36=AF$35,$AA36,0) -> #VALUE! | AG36: =IF($AB36=AG$35,$AA36,0) -> 0 | AI36: 0 | AJ36: 0 | AK36: 0 | AL36: 0 | AM36: 0 | AN36: 0 | AO36: 0 | AP36: 0 | AQ36: 0 | AR36: 0 | AS36: 0
Z37: 2 | AA37: =AA23 -> #VALUE! | AB37: =MATCH(MAX(FRONTEND!M29:Q29),FRONTEND!M29:Q29,0) -> 2 | AC37: =IF($AB37=AC$35,$AA37,0) -> 0 | AD37: =IF($AB37=AD$35,$AA37,0) -> #VALUE! | AE37: =IF($AB37=AE$35,$AA37,0) -> 0 | AF37: =IF($AB37=AF$35,$AA37,0) -> 0 | AG37: =IF($AB37=AG$35,$AA37,0) -> 0 | AI37: 0 | AJ37: 0 | AK37: 0 | AL37: {=FRONTEND!B4:F9} -> 0.098070128 | AM37: 0.76989837 | AN37: 1.0888675 | AO37: 0.41864133 | AP37: -0.54807215 | AQ37: 0 | AR37: 0 | AS37: 0
Z38: 3 | AA38: =AA24 -> #VALUE! | AB38: =MATCH(MAX(FRONTEND!M30:Q30),FRONTEND!M30:Q30,0) -> 3 | AC38: =IF($AB38=AC$35,$AA38,0) -> 0 | AD38: =IF($AB38=AD$35,$AA38,0) -> 0 | AE38: =IF($AB38=AE$35,$AA38,0) -> #VALUE! | AF38: =IF($AB38=AF$35,$AA38,0) -> 0 | AG38: =IF($AB38=AG$35,$AA38,0) -> 0 | AI38: 0 | AJ38: 0 | AK38: 0 | AL38: 0.39479458 | AM38: 0.76298403 | AN38: -1.5092547 | AO38: 0.78695236 | AP38: -1.6514231 | AQ38: 0 | AR38: 0 | AS38: 0
I39: MEAN-POOLING | Z39: 4 | AA39: =AA25 -> #VALUE! | AB39: =MATCH(MAX(FRONTEND!M31:Q31),FRONTEND!M31:Q31,0) -> 4 | AC39: =IF($AB39=AC$35,$AA39,0) -> 0 | AD39: =IF($AB39=AD$35,$AA39,0) -> 0 | AE39: =IF($AB39=AE$35,$AA39,0) -> 0 | AF39: =IF($AB39=AF$35,$AA39,0) -> #VALUE! | AG39: =IF($AB39=AG$35,$AA39,0) -> 0 | AI39: 0 | AJ39: 0 | AK39: 0 | AL39: 1.2610502 | AM39: 1.0201002 | AN39: 0.20946803 | AO39: -1.5474479 | AP39: -0.51000095 | AQ39: 0 | AR39: 0 | AS39: 0
I40: KERNEL 1x2 | J40: Pers 2.92 | U40: KE POOLING | Z40: 5 | AA40: =AA26 -> #VALUE! | AB40: =MATCH(MAX(FRONTEND!M32:Q32),FRONTEND!M32:Q32,0) -> 1 | AC40: =IF($AB40=AC$35,$AA40,0) -> #VALUE! | AD40: =IF($AB40=AD$35,$AA40,0) -> 0 | AE40: =IF($AB40=AE$35,$AA40,0) -> 0 | AF40: =IF($AB40=AF$35,$AA40,0) -> 0 | AG40: =IF($AB40=AG$35,$AA40,0) -> 0 | AI40: 0 | AJ40: 0 | AK40: 0 | AL40: -1.9148228 | AM40: -0.96507706 | AN40: -0.73600695 | AO40: -1.2146669 | AP40: 0.61213976 | AQ40: 0 | AR40: 0 | AS40: 0
I41: 1 | J41: 2 | U41: 1 | V41: Pers 2.102 | Z41: 6 | AA41: =AA27 -> #VALUE! | AB41: =MATCH(MAX(FRONTEND!M33:Q33),FRONTEND!M33:Q33,0) -> 5 | AC41: =IF($AB41=AC$35,$AA41,0) -> 0 | AD41: =IF($AB41=AD$35,$AA41,0) -> 0 | AE41: =IF($AB41=AE$35,$AA41,0) -> 0 | AF41: =IF($AB41=AF$35,$AA41,0) -> 0 | AG41: =IF($AB41=AG$35,$AA41,0) -> #VALUE! | AI41: 0 | AJ41: 0 | AK41: 0 | AL41: 0.61185768 | AM41: -1.6862565 | AN41: -0.39331256 | AO41: 1.0273144 | AP41: 1.3115002 | AQ41: 0 | AR41: 0 | AS41: 0
H42: 1 | I42: =AVERAGE(I26:I31) -> 2.02834 | J42: =AVERAGE(J26:J31) -> 2.0931661 | T42: 1 | U42: {=SUM(MMULT(TRANSPOSE($U$14:$U$16),TRANSPOSE(P7:R7)))} -> 0.23063447 | AI42: 0 | AJ42: 0 | AK42: 0 | AL42: -0.4509497 | AM42: 0.098350912 | AN42: 1.3402387 | AO42: 0.52920668 | AP42: 0.78585619 | AQ42: 0 | AR42: 0 | AS42: 0
T43: 2 | U43: {=SUM(MMULT(TRANSPOSE($U$14:$U$16),TRANSPOSE(P8:R8)))} -> 0.3479323 | AA43: KE RELU | AB43: Pers 2.11 | AI43: 0 | AJ43: 0 | AK43: 0 | AL43: 0 | AM43: 0 | AN43: 0 | AO43: 0 | AP43: 0 | AQ43: 0 | AR43: 0 | AS43: 0
T44: 3 | U44: {=SUM(MMULT(TRANSPOSE($U$14:$U$16),TRANSPOSE(P9:R9)))} -> 0.39148741 | AA44: 1 | AB44: 2 | AC44: 3 | AD44: 4 | AE44: 5 | AI44: 0 | AJ44: 0 | AK44: 0 | AL44: 0 | AM44: 0 | AN44: 0 | AO44: 0 | AP44: 0 | AQ44: 0 | AR44: 0 | AS44: 0
I45: CONCATENATE | J45: Pers 2.92 | T45: 4 | U45: {=SUM(MMULT(TRANSPOSE($U$14:$U$16),TRANSPOSE(P10:R10)))} -> 0.12939419 | Z45: 1 | AA45: =AC36*IF(AC36>0,1,0) -> 0 | AB45: =AD36*IF(AD36>0,1,0) -> 0 | AC45: =AE36*IF(AE36>0,1,0) -> 0 | AD45: =AF36*IF(AF36>0,1,0) -> #VALUE! | AE45: =AG36*IF(AG36>0,1,0) -> 0 | AI45: 0 | AJ45: 0 | AK45: 0 | AL45: 0 | AM45: 0 | AN45: 0 | AO45: 0 | AP45: 0 | AQ45: 0 | AR45: 0 | AS45: 0
I46: 1 | T46: 5 | U46: {=SUM(MMULT(TRANSPOSE($U$14:$U$16),TRANSPOSE(P11:R11)))} -> #VALUE! | Z46: 2 | AA46: =AC37*IF(AC37>0,1,0) -> 0 | AB46: =AD37*IF(AD37>0,1,0) -> #VALUE! | AC46: =AE37*IF(AE37>0,1,0) -> 0 | AD46: =AF37*IF(AF37>0,1,0) -> 0 | AE46: =AG37*IF(AG37>0,1,0) -> 0
H47: 1 | I47: {=TRANSPOSE(I36:J36)} -> 3.9314647 | T47: 6 | U47: {=SUM(MMULT(TRANSPOSE($U$14:$U$16),TRANSPOSE(P12:R12)))} -> #VALUE! | Z47: 3 | AA47: =AC38*IF(AC38>0,1,0) -> 0 | AB47: =AD38*IF(AD38>0,1,0) -> 0 | AC47: =AE38*IF(AE38>0,1,0) -> #VALUE! | AD47: =AF38*IF(AF38>0,1,0) -> 0 | AE47: =AG38*IF(AG38>0,1,0) -> 0
H48: 2 | I48: 2.5786605 | T48: 7 | U48: {=SUM(MMULT(TRANSPOSE($U$14:$U$16),TRANSPOSE(Q13:R13)))} -> #VALUE! | Z48: 4 | AA48: =AC39*IF(AC39>0,1,0) -> 0 | AB48: =AD39*IF(AD39>0,1,0) -> 0 | AC48: =AE39*IF(AE39>0,1,0) -> 0 | AD48: =AF39*IF(AF39>0,1,0) -> #VALUE! | AE48: =AG39*IF(AG39>0,1,0) -> 0
H49: 3 | I49: {=TRANSPOSE(I42:J42)} -> 2.02834 | T49: 8 | U49: {=SUM(MMULT(TRANSPOSE($U$14:$U$16),TRANSPOSE(Q14:R14)))} -> #VALUE! | Z49: 5 | AA49: =AC40*IF(AC40>0,1,0) -> #VALUE! | AB49: =AD40*IF(AD40>0,1,0) -> 0 | AC49: =AE40*IF(AE40>0,1,0) -> 0 | AD49: =AF40*IF(AF40>0,1,0) -> 0 | AE49: =AG40*IF(AG40>0,1,0) -> 0
H50: 4 | I50: 2.0931661 | T50: 9 | U50: {=SUM(MMULT(TRANSPOSE($U$14:$U$16),TRANSPOSE(Q15:R15)))} -> #VALUE! | Z50: 6 | AA50: =AC41*IF(AC41>0,1,0) -> 0 | AB50: =AD41*IF(AD41>0,1,0) -> 0 | AC50: =AE41*IF(AE41>0,1,0) -> 0 | AD50: =AF41*IF(AF41>0,1,0) -> 0 | AE50: =AG41*IF(AG41>0,1,0) -> #VALUE!
T51: 10 | U51: {=SUM(MMULT(TRANSPOSE($U$14:$U$16),TRANSPOSE(Q16:R16)))} -> #VALUE!
T52: 11 | U52: {=SUM(MMULT(TRANSPOSE($U$14:$U$16),TRANSPOSE(Q17:R17)))} -> #VALUE! | AA52: KERNEL | AB52: Pers 2.13 | AF52: BIAS | AG52: Pers 2.14
T53: 12 | U53: {=SUM(MMULT(TRANSPOSE($U$14:$U$16),TRANSPOSE(Q18:R18)))} -> #VALUE! | AA53: 1 | AB53: 2 | AC53: 3 | AF53: 1
Z54: 1 | AA54: {=FRONTEND!$M7-$M$32*SUM($AA$45:$AE$50*AK35:AO40)} -> #VALUE! | AB54: {=FRONTEND!$N7-$M$32*SUM($AA$45:$AE$50*AL35:AP40)} -> #VALUE! | AC54: {=FRONTEND!$O7-$M$32*SUM($AA$45:$AE$50*AM35:AQ40)} -> #VALUE! | AE54: 1 | AF54: =FRONTEND!$W$7-$M$32*SUM(AA22:AA27) -> #VALUE!
T55: Pers 2.104 | U55: MAX-POOLING | W55: HASIL | Z55: 2 | AA55: {=FRONTEND!$M8-$M$32*SUM($AA$45:$AE$50*AK36:AO41)} -> #VALUE! | AB55: {=FRONTEND!$N8-$M$32*SUM($AA$45:$AE$50*AL36:AP41)} -> #VALUE! | AC55: {=FRONTEND!$O8-$M$32*SUM($AA$45:$AE$50*AM36:AQ41)} -> #VALUE!
U56: 1 | V56: argmax | W56: 1 | X56: 2 | Z56: 3 | AA56: {=FRONTEND!$M9-$M$32*SUM($AA$45:$AE$50*AK37:AO42)} -> #VALUE! | AB56: {=FRONTEND!$N9-$M$32*SUM($AA$45:$AE$50*AL37:AP42)} -> #VALUE! | AC56: {=FRONTEND!$O9-$M$32*SUM($AA$45:$AE$50*AM37:AQ42)} -> #VALUE!
T57: 1 | U57: =U42 -> 0.23063447 | V57: =MATCH(MAX(I26:J26),I26:J26,0) -> 1 | W57: =IF($V57=W$56,$U57,0) -> 0.23063447 | X57: =IF($V57=X$56,$U57,0) -> 0 | Z57: 4 | AA57: {=FRONTEND!$M10-$M$32*SUM($AA$45:$AE$50*AK38:AO43)} -> #VALUE! | AB57: {=FRONTEND!$N10-$M$32*SUM($AA$45:$AE$50*AL38:AP43)} -> #VALUE! | AC57: {=FRONTEND!$O10-$M$32*SUM($AA$45:$AE$50*AM38:AQ43)} -> #VALUE!
T58: 2 | U58: =U43 -> 0.3479323 | V58: =MATCH(MAX(I27:J27),I27:J27,0) -> 2 | W58: =IF($V58=W$56,$U58,0) -> 0 | X58: =IF($V58=X$56,$U58,0) -> 0.3479323 | Z58: 5 | AA58: {=FRONTEND!$M11-$M$32*SUM($AA$45:$AE$50*AK39:AO44)} -> #VALUE! | AB58: {=FRONTEND!$N11-$M$32*SUM($AA$45:$AE$50*AL39:AP44)} -> #VALUE! | AC58: {=FRONTEND!$O11-$M$32*SUM($AA$45:$AE$50*AM39:AQ44)} -> #VALUE!
T59: 3 | U59: =U44 -> 0.39148741 | V59: =MATCH(MAX(I28:J28),I28:J28,0) -> 2 | W59: =IF($V59=W$56,$U59,0) -> 0 | X59: =IF($V59=X$56,$U59,0) -> 0.39148741
T60: 4 | U60: =U45 -> 0.12939419 | V60: =MATCH(MAX(I29:J29),I29:J29,0) -> 1 | W60: =IF($V60=W$56,$U60,0) -> 0.12939419 | X60: =IF($V60=X$56,$U60,0) -> 0
T61: 5 | U61: =U46 -> #VALUE! | V61: =MATCH(MAX(I30:J30),I30:J30,0) -> 1 | W61: =IF($V61=W$56,$U61,0) -> #VALUE! | X61: =IF($V61=X$56,$U61,0) -> 0 | AA61: FRONT-END
T62: 6 | U62: =U47 -> #VALUE! | V62: =MATCH(MAX(I31:J31),I31:J31,0) -> 2 | W62: =IF($V62=W$56,$U62,0) -> 0 | X62: =IF($V62=X$56,$U62,0) -> #VALUE! | AA62: KONVOLUSI HORIZONTAL | AI62: 0 | AJ62: 0 | AK62: 0
AA63: KE RELU | AB63: Pers 2.17 | AI63: 0 | AJ63: {=FRONTEND!B26:B31} -> 0.36548104 | AK63: 0
T64: Pers 2.104 | U64: MEAN-POOLING | W64: k= | AA64: 1 | AI64: 0 | AJ64: -0.24318937 | AK64: 0
U65: 1 | V65: 2 | W65: 2 | Z65: 1 | AA65: =AB22*IF(AB22>0,1,0) -> #VALUE! | AI65: 0 | AJ65: 0.086633902 | AK65: 0
T66: 1 | U66: =$U48*1/$W$65 -> #VALUE! | V66: =$U48*1/$W$65 -> #VALUE! | Z66: 2 | AA66: =AB23*IF(AB23>0,1,0) -> #VALUE! | AI66: 0 | AJ66: -0.8436868 | AK66: 0
T67: 2 | U67: =$U49*1/$W$65 -> #VALUE! | V67: =$U49*1/$W$65 -> #VALUE! | Z67: 3 | AA67: =AB24*IF(AB24>0,1,0) -> #VALUE! | AI67: 0 | AJ67: 0.17422067 | AK67: 0
T68: 3 | U68: =$U50*1/$W$65 -> #VALUE! | V68: =$U50*1/$W$65 -> #VALUE! | Z68: 4 | AA68: =AB25*IF(AB25>0,1,0) -> #VALUE! | AI68: 0 | AJ68: 0.46054055 | AK68: 0
T69: 4 | U69: =$U51*1/$W$65 -> #VALUE! | V69: =$U51*1/$W$65 -> #VALUE! | Z69: 5 | AA69: =AB26*IF(AB26>0,1,0) -> #VALUE! | AI69: 0 | AJ69: 0 | AK69: 0
T70: 5 | U70: =$U52*1/$W$65 -> #VALUE! | V70: =$U52*1/$W$65 -> #VALUE! | Z70: 6 | AA70: =AB27*IF(AB27>0,1,0) -> #VALUE!
T71: 6 | U71: =$U53*1/$W$65 -> #VALUE! | V71: =$U53*1/$W$65 -> #VALUE!
AA72: KERNEL | AB72: Pers 2.18 | AD72: BIAS | AE72: Pers 2.19
U73: KE BACK-END | W73: Pers 2.104 | AA73: 1 | AD73: 1
U74: 1 | V74: 2 | Z74: 1 | AA74: {=FRONTEND!T7-$M32*SUM($AA$65:$AA$70*AJ62:AJ67)} -> #VALUE! | AC74: 1 | AD74: =FRONTEND!$W$7-$M$32*SUM(AB22:AB27) -> #VALUE!
T75: 1 | U75: =W57+U66 -> #VALUE! | V75: =X57+V66 -> #VALUE! | Z75: 2 | AA75: {=FRONTEND!T8-$M40*SUM($AA$65:$AA$70*AJ63:AJ68)} -> #VALUE!
T76: 2 | U76: =W58+U67 -> #VALUE! | V76: =X58+V67 -> #VALUE! | Z76: 3 | AA76: {=FRONTEND!T9-$M41*SUM($AA$65:$AA$70*AJ64:AJ69)} -> #VALUE!
T77: 3 | U77: =W59+U68 -> #VALUE! | V77: =X59+V68 -> #VALUE!
T78: 4 | U78: =W60+U69 -> #VALUE! | V78: =X60+V69 -> #VALUE!
T79: 5 | U79: =W61+U70 -> #VALUE! | V79: =X61+V70 -> #VALUE!
T80: 6 | U80: =W62+U71 -> #VALUE! | V80: =X62+V71 -> #VALUE!

Sheet GRU-BE
C2: CONCATENATE | L2: FEED-FORWARD | W2: FEED-FORWARD | AE2: BACKPROPAGATION | AK2: BACKPROPAGATION | BL2: FRONT-END
C3: 1 | D3: 2 | L3: GRU | W3: CLASSIFIER | AE3: CLASSIFIER | AK3: GRU | BL3: KONVOLUSI VERTIKAL
B4: 1 | C4: {=FRONTEND!M49:N54} -> 4.0296677 | D4: 1.4261842 | K4: F_out x 1 | BL4: KE MAX-POOLING | BN4: HASIL | BO4: Pers 2.10 | BT4: 0 | BU4: 0 | BV4: 0 | BW4: 0 | BX4: 0 | BY4: 0 | BZ4: 0 | CA4: 0 | CB4: 0 | CC4: 0 | CD4: 0
B5: 2 | C5: 3.1757752 | D5: 0.83446165 | L5: h_0 | N5: F_in | O5: 2 | P5: (banyak fitur pada masukan) | W5: INPUT | Z5: BOBOT | AE5: L wrt y_n | AF5: Pers 2.96 | AK5: t=6 | AM5: Pers 2.43 | AN5: Pers 2.44 | AO5: Pers 2.45 | AP5: Pers 2.46 | AQ5: Pers 2.47 | AR5: Pers 2.48 | AS5: Pers 2.49 | AU5: t=6 | AY5: Pers 2.52 | BD5: Pers 2.55 | BI5: Pers 2.58 | BL5: 1 | BM5: argmax | BN5: 1 | BO5: 2 | BP5: 3 | BQ5: 4 | BR5: 5 | BT5: 0 | BU5: 0 | BV5: 0 | BW5: 0 | BX5: 0 | BY5: 0 | BZ5: 0 | CA5: 0 | CB5: 0 | CC5: 0 | CD5: 0
B6: 3 | C6: 3.3789276 | D6: 1.839316 | L6: 1 | N6: F_out | O6: 2 | P6: (banyak fitur pada hidden state dan keluaran) | W6: 1 | Z6: 1 | AA6: 2 | AB6: 3 | AE6: 1 | AJ6: Pers 2.39 | AK6: L wrt h_t | AM6: L wrt ~h_t | AN6: L wrt z_~h(t) | AO6: L wrt z_t | AP6: L wrt z_z(t) | AQ6: L wrt r_t | AR6: L wrt z_r(t) | AS6: L wrt h_t-1 | AU6: L wrt W_h | AV6: Pers 2.50 | AW6: L wrt U_h | AX6: Pers 2.51 | AY6: L wrt b_h | AZ6: L wrt W_z | BA6: Pers 2.53 | BB6: L wrt U_z | BC6: Pers 2.54 | BD6: L wrt b_z | BE6: L wrt W_r | BF6: Pers 2.56 | BG6: L wrt U_r | BH6: Pers 2.57 | BI6: L wrt b_r | BK6: 1 | BL6: {=AU56:AU61} -> 0.050890063 | BM6: =MATCH(MAX(FRONTEND!$M28:$Q28),FRONTEND!$M28:$Q28,0) -> 4 | BN6: =IF($BM6=BN$5,$BL6,0) -> 0 | BO6: =IF($BM6=BO$5,$BL6,0) -> 0 | BP6: =IF($BM6=BP$5,$BL6,0) -> 0 | BQ6: =IF($BM6=BQ$5,$BL6,0) -> 0.050890063 | BR6: =IF($BM6=BR$5,$BL6,0) -> 0 | BT6: 0 | BU6: 0 | BV6: 0 | BW6: 0 | BX6: 0 | BY6: 0 | BZ6: 0 | CA6: 0 | CB6: 0 | CC6: 0 | CD6: 0
B7: 4 | C7: 1.5094132 | D7: 0.40501336 | K7: 1 | L7: 0.805 | V7: 1 | W7: =K74 -> 0.6085699 | Y7: 1 | Z7: -0.134 | AA7: -0.671 | AB7: -0.778 | AD7: 1 | AE7: =-1/3*((2/(1+DATA!$I$16))*X34/W28-((2*DATA!$I$16)/(1+DATA!$I$16))*(1-X34)*(1-W28)) -> -1.3425747 | AK7: 1 | AM7: 1 | AN7: 1 | AO7: 1 | AP7: 1 | AQ7: 1 | AR7: 1 | AS7: 1 | AU7: 1 | AV7: 2 | AW7: 1 | AX7: 2 | AY7: 1 | AZ7: 1 | BA7: 2 | BB7: 1 | BC7: 2 | BD7: 1 | BE7: 1 | BF7: 2 | BG7: 1 | BH7: 2 | BI7: 1 | BK7: 2 | BL7: 0.040980476 | BM7: =MATCH(MAX(FRONTEND!$M29:$Q29),FRONTEND!$M29:$Q29,0) -> 2 | BN7: =IF($BM7=BN$5,$BL7,0) -> 0 | BO7: =IF($BM7=BO$5,$BL7,0) -> 0.040980476 | BP7: =IF($BM7=BP$5,$BL7,0) -> 0 | BQ7: =IF($BM7=BQ$5,$BL7,0) -> 0 | BR7: =IF($BM7=BR$5,$BL7,0) -> 0 | BT7: 0 | BU7: 0 | BV7: 0 | BW7: {=FRONTEND!$B$4:$F$9} -> 0.098070128 | BX7: 0.76989837 | BY7: 1.0888675 | BZ7: 0.41864133 | CA7: -0.54807215 | CB7: 0 | CC7: 0 | CD7: 0
B8: 5 | C8: 4.5198657 | D8: 0.53701995 | K8: 2 | L8: -0.977 | V8: 2 | W8: =K75 -> 0.94880195 | Y8: 2 | Z8: -0.945 | AA8: -0.04 | AB8: 0.991 | AD8: 2 | AE8: =-1/3*((2/(1+DATA!$I$16))*X35/W29-((2*DATA!$I$16)/(1+DATA!$I$16))*(1-X35)*(1-W29)) -> 0.017385606 | AJ8: 1 | AK8: {=AE94:AE95} -> 0.01591847 | AM8: {=_xlfn.ANCHORARRAY(AK8)*(1-$O$59:$O$60)} -> 0.0054090946 | AN8: {=_xlfn.ANCHORARRAY(AM8)*(1-$R$59:$R$60*$R$59:$R$60)} -> 0.0053470125 | AO8: {=_xlfn.ANCHORARRAY(AK8)*(_xlfn.ANCHORARRAY(T53)-$R$59:$R$60)} -> -0.006383776 | AP8: {=_xlfn.ANCHORARRAY(AO8)*($O$59:$O$60*(1-$O$59:$O$60))} -> -0.0014321103 | AQ8: {=MMULT(TRANSPOSE($P$23:$Q$24),_xlfn.ANCHORARRAY($AN$8))*_xlfn.ANCHORARRAY($T$53)} -> -0.0018919813 | AR8: {=_xlfn.ANCHORARRAY($AQ$8)*($L$59:$L$60*(1-$L$59:$L$60))} -> -0.00023583815 | AS8: {=_xlfn.ANCHORARRAY(AK8)*$O$59:$O$60+MMULT(TRANSPOSE($P$23:$Q$24),_xlfn.ANCHORARRAY(AN8))*$L$59:$L$60+MMULT(TRANSPOSE($P$18:$Q$19),_xlfn.ANCHORARRAY(AP8))+MMULT(TRANSPOSE($P$13:$Q$14),_xlfn.ANCHORARRAY(AR8))} -> 0.013695299 | AU8: {=MMULT(_xlfn.ANCHORARRAY(AN8),TRANSPOSE($H$14:$H$15))} -> 0.016330154 | AV8: 0.0067313211 | AW8: {=MMULT(_xlfn.ANCHORARRAY(AN8),TRANSPOSE($L$59:$L$60*_xlfn.ANCHORARRAY($T$53)))} -> -0.0023205696 | AX8: 0.0044077715 | AY8: {=_xlfn.ANCHORARRAY(AN8)} -> 0.0053470125 | AZ8: {=MMULT(_xlfn.ANCHORARRAY(AP8),TRANSPOSE(H14:H15))} -> -0.0043737662 | BA8: -0.0018028749 | BB8: {=MMULT(_xlfn.ANCHORARRAY(AP8),TRANSPOSE(_xlfn.ANCHORARRAY($T$53)))} -> 0.00072774396 | BC8: -0.0014261308 | BD8: {=_xlfn.ANCHORARRAY(AP8)} -> -0.0014321103 | BE8: {=MMULT(_xlfn.ANCHORARRAY(AR8),TRANSPOSE($H$14:$H$15))} -> -0.00072026638 | BF8: -0.00029689519 | BG8: {=MMULT(_xlfn.ANCHORARRAY(AR8),TRANSPOSE(_xlfn.ANCHORARRAY($T$53)))} -> 0.00011984397 | BH8: -0.00023485345 | BI8: {=_xlfn.ANCHORARRAY(AR8)} -> -0.00023583815 | BK8: 3 | BL8: 0.026940478 | BM8: =MATCH(MAX(FRONTEND!$M30:$Q30),FRONTEND!$M30:$Q30,0) -> 3 | BN8: =IF($BM8=BN$5,$BL8,0) -> 0 | BO8: =IF($BM8=BO$5,$BL8,0) -> 0 | BP8: =IF($BM8=BP$5,$BL8,0) -> 0.026940478 | BQ8: =IF($BM8=BQ$5,$BL8,0) -> 0 | BR8: =IF($BM8=BR$5,$BL8,0) -> 0 | BT8: 0 | BU8: 0 | BV8: 0 | BW8: 0.39479458 | BX8: 0.76298403 | BY8: -1.5092547 | BZ8: 0.78695236 | CA8: -1.6514231 | CB8: 0 | CC8: 0 | CD8: 0
B9: 6 | C9: 3.0540707 | D9: 1.2588938 | V9: 3 | W9: =K76 -> 0.99745141 | Y9: 3 | Z9: -0.62 | AA9: 0.312 | AB9: -0.121 | AD9: 3 | AE9: =-1/3*((2/(1+DATA!$I$16))*X36/W30-((2*DATA!$I$16)/(1+DATA!$I$16))*(1-X36)*(1-W30)) -> -0.68263746 | AJ9: 2 | AK9: -0.18405016 | AM9: -0.16949692 | AN9: -0.00025639708 | AO9: 0.00062920889 | AP9: 4.5818824e-05 | AQ9: 0.0037180971 | AR9: 0.00053000624 | AS9: -0.012559587 | AU9: -0.00078305483 | AV9: -0.00032277671 | AW9: 0.00011127471 | AX9: -0.0002113591 | AY9: -0.00025639708 | AZ9: 0.00013993393 | BA9: 5.7681036e-05 | BB9: -2.3283382e-05 | BC9: 4.5627516e-05 | BD9: 4.5818824e-05 | BE9: 0.0016186765 | BF9: 0.00066722159 | BG9: -0.00026932899 | BH9: 0.00052779329 | BI9: 0.00053000624 | BK9: 4 | BL9: 0.011866864 | BM9: =MATCH(MAX(FRONTEND!$M31:$Q31),FRONTEND!$M31:$Q31,0) -> 4 | BN9: =IF($BM9=BN$5,$BL9,0) -> 0 | BO9: =IF($BM9=BO$5,$BL9,0) -> 0 | BP9: =IF($BM9=BP$5,$BL9,0) -> 0 | BQ9: =IF($BM9=BQ$5,$BL9,0) -> 0.011866864 | BR9: =IF($BM9=BR$5,$BL9,0) -> 0 | BT9: 0 | BU9: 0 | BV9: 0 | BW9: 1.2610502 | BX9: 1.0201002 | BY9: 0.20946803 | BZ9: -1.5474479 | CA9: -0.51000095 | CB9: 0 | CC9: 0 | CD9: 0
B10: DARI FRONT-END | K10: F_out x F_in | O10: F_out x F_out | S10: F_out x 1 | V10: 4 | W10: =K77 -> 0.97148877 | Y10: 4 | Z10: -0.291 | AA10: -0.202 | AB10: 0.186 | BK10: 5 | BL10: 0.0010550625 | BM10: =MATCH(MAX(FRONTEND!$M32:$Q32),FRONTEND!$M32:$Q32,0) -> 1 | BN10: =IF($BM10=BN$5,$BL10,0) -> 0.0010550625 | BO10: =IF($BM10=BO$5,$BL10,0) -> 0 | BP10: =IF($BM10=BP$5,$BL10,0) -> 0 | BQ10: =IF($BM10=BQ$5,$BL10,0) -> 0 | BR10: =IF($BM10=BR$5,$BL10,0) -> 0 | BT10: 0 | BU10: 0 | BV10: 0 | BW10: -1.9148228 | BX10: -0.96507706 | BY10: -0.73600695 | BZ10: -1.2146669 | CA10: 0.61213976 | CB10: 0 | CC10: 0 | CD10: 0
L11: W_r | P11: U_r | T11: b_r | V11: 5 | W11: =K78 -> 0.99582468 | Y11: 5 | Z11: -0.577 | AA11: -0.185 | AB11: 0.173 | AK11: t=5 | AU11: t=5 | BK11: 6 | BL11: -0.0026878433 | BM11: =MATCH(MAX(FRONTEND!$M33:$Q33),FRONTEND!$M33:$Q33,0) -> 5 | BN11: =IF($BM11=BN$5,$BL11,0) -> 0 | BO11: =IF($BM11=BO$5,$BL11,0) -> 0 | BP11: =IF($BM11=BP$5,$BL11,0) -> 0 | BQ11: =IF($BM11=BQ$5,$BL11,0) -> 0 | BR11: =IF($BM11=BR$5,$BL11,0) -> -0.0026878433 | BT11: 0 | BU11: 0 | BV11: 0 | BW11: 0.61185768 | BX11: -1.6862565 | BY11: -0.39331256 | BZ11: 1.0273144 | CA11: 1.3115002 | CB11: 0 | CC11: 0 | CD11: 0
C12: TRANSPOSE | L12: 1 | M12: 2 | P12: 1 | Q12: 2 | T12: 1 | V12: 6 | W12: =K79 -> 0.99897304 | Y12: 6 | Z12: 0.572 | AA12: 0.892 | AB12: 0.757 | AD12: Pers 2.99 | AE12: KE SIGMOID | AJ12: Pers 2.39 | AK12: L wrt h_t | AM12: L wrt ~h_t | AN12: L wrt z_~h(t) | AO12: L wrt z_t | AP12: L wrt z_z(t) | AQ12: L wrt r_t | AR12: L wrt z_r(t) | AS12: L wrt h_t-1 | AU12: L wrt W_h | AW12: L wrt U_h | AY12: L wrt b_h | AZ12: L wrt W_z | BB12: L wrt U_z | BD12: L wrt b_z | BE12: L wrt W_r | BG12: L wrt U_r | BI12: L wrt b_r | BT12: 0 | BU12: 0 | BV12: 0 | BW12: -0.4509497 | BX12: 0.098350912 | BY12: 1.3402387 | BZ12: 0.52920668 | CA12: 0.78585619 | CB12: 0 | CC12: 0 | CD12: 0
C13: t=1 | D13: 2 | E13: 3 | F13: 4 | G13: 5 | H13: 6 | K13: 1 | L13: 0.878 | M13: -0.139 | O13: 1 | P13: -0.253 | Q13: -0.872 | S13: 1 | T13: 0 | V13: 7 | W13: =K80 -> 0.11625096 | Y13: 7 | Z13: -0.21 | AA13: -0.863 | AB13: 0.252 | AE13: 1 | AK13: 1 | AM13: 1 | AN13: 1 | AO13: 1 | AP13: 1 | AQ13: 1 | AR13: 1 | AS13: 1 | AU13: 1 | AV13: 2 | AW13: 1 | AX13: 2 | AY13: 1 | AZ13: 1 | BA13: 2 | BB13: 1 | BC13: 2 | BD13: 1 | BE13: 1 | BF13: 2 | BG13: 1 | BH13: 2 | BI13: 1 | BL13: KE RELU | BM13: Pers 2.11 | BT13: 0 | BU13: 0 | BV13: 0 | BW13: 0 | BX13: 0 | BY13: 0 | BZ13: 0 | CA13: 0 | CB13: 0 | CC13: 0 | CD13: 0
B14: 1 | C14: {=TRANSPOSE(_xlfn.ANCHORARRAY(C4))} -> 4.0296677 | D14: 3.1757752 | E14: 3.3789276 | F14: 1.5094132 | G14: 4.5198657 | H14: 3.0540707 | K14: 2 | L14: -0.013 | M14: 0.997 | O14: 2 | P14: -0.212 | Q14: 0.248 | S14: 2 | T14: 0 | V14: 8 | W14: =K81 -> 0.2244577 | Y14: 8 | Z14: 0.549 | AA14: 0.185 | AB14: -0.508 | AD14: 1 | AE14: =-1/3*((2/(1+DATA!$I$16))*X34*(1-W28)-((2*DATA!$I$16)/(1+DATA!$I$16))*(1-X34)*W28) -> -0.33161043 | AJ14: 1 | AK14: {=AF94:AF95+_xlfn.ANCHORARRAY(AS8)} -> -0.013506735 | AM14: {=_xlfn.ANCHORARRAY(AK14)*(1-$O$53:$O$54)} -> -0.0062618287 | AN14: {=_xlfn.ANCHORARRAY(AM14)*(1-$R$53:$R$54*$R$53:$R$54)} -> -0.0012689438 | AO14: {=_xlfn.ANCHORARRAY(AK14)*(_xlfn.ANCHORARRAY(T53)-$R$53:$R$54)} -> -0.0051971761 | AP14: {=_xlfn.ANCHORARRAY(AO14)*($O$53:$O$54*(1-$O$53:$O$54))} -> -0.001292411 | AQ14: {=MMULT(TRANSPOSE($P$23:$Q$24),_xlfn.ANCHORARRAY(AN14))*_xlfn.ANCHORARRAY(T47)} -> 0.000160515 | AR14: {=_xlfn.ANCHORARRAY(AQ14)*($L$53:$L$54*(1-$L$53:$L$54))} -> 6.6752385e-06 | AS14: {=_xlfn.ANCHORARRAY(AK14)*$O$53:$O$54+MMULT(TRANSPOSE($P$23:$Q$24),_xlfn.ANCHORARRAY(AN14))*$L$53:$L$54+MMULT(TRANSPOSE($P$18:$Q$19),_xlfn.ANCHORARRAY(AP14))+MMULT(TRANSPOSE($P$13:$Q$14),_xlfn.ANCHORARRAY(AR14))} -> -0.0081135459 | AU14: {=MMULT(_xlfn.ANCHORARRAY(AN14),TRANSPOSE($G$14:$G$15))} -> -0.0057354555 | AV14: -0.00068144813 | AW14: {=MMULT(_xlfn.ANCHORARRAY(AN14),TRANSPOSE($L$53:$L$54*_xlfn.ANCHORARRAY(T47)))} -> 0.00021312679 | AX14: -0.00083855704 | AY14: {=_xlfn.ANCHORARRAY(AN14)} -> -0.0012689438 | AZ14: {=MMULT(_xlfn.ANCHORARRAY(AP14),TRANSPOSE($G$14:$G$15))} -> -0.0058415239 | BA14: -0.00069405047 | BB14: {=MMULT(_xlfn.ANCHORARRAY(AP14),TRANSPOSE(_xlfn.ANCHORARRAY(T47)))} -> 0.00022693458 | BC14: -0.0012555627 | BD14: {=_xlfn.ANCHORARRAY(AP14)} -> -0.001292411 | BE14: {=MMULT(_xlfn.ANCHORARRAY(AR14),TRANSPOSE($G$14:$G$15))} -> 3.0171181e-05 | BF14: 3.5847362e-06 | BG14: {=MMULT(_xlfn.ANCHORARRAY(AR14),TRANSPOSE(_xlfn.ANCHORARRAY(T47)))} -> -1.1721059e-06 | BH14: 6.4849192e-06 | BI14: {=_xlfn.ANCHORARRAY(AR14)} -> 6.6752385e-06 | BL14: 1 | BM14: 2 | BN14: 3 | BO14: 4 | BP14: 5 | BT14: 0 | BU14: 0 | BV14: 0 | BW14: 0 | BX14: 0 | BY14: 0 | BZ14: 0 | CA14: 0 | CB14: 0 | CC14: 0 | CD14: 0
B15: 2 | C15: 1.4261842 | D15: 0.83446165 | E15: 1.839316 | F15: 0.40501336 | G15: 0.53701995 | H15: 1.2588938 | V15: 9 | W15: =K82 -> 0.37423137 | Y15: 9 | Z15: 0.99 | AA15: -0.947 | AB15: -0.905 | AD15: 2 | AE15: =-1/3*((2/(1+DATA!$I$16))*X35*(1-W29)-((2*DATA!$I$16)/(1+DATA!$I$16))*(1-X35)*W29) -> 0.051579912 | AJ15: 2 | AK15: 0.12916961 | AM15: 0.11237835 | AN15: 0.00012113564 | AO15: -0.00046968737 | AP15: -5.3119531e-05 | AQ15: -0.000808624 | AR15: -0.00017589111 | AS15: 0.014894484 | AU15: 0.00054751683 | AV15: 6.5052256e-05 | AW15: -2.0345464e-05 | AX15: 8.0050154e-05 | AY15: 0.00012113564 | AZ15: -0.00024009314 | BA15: -2.8526248e-05 | BB15: 9.3272643e-06 | BC15: -5.1605027e-05 | BD15: -5.3119531e-05 | BE15: -0.00079500419 | BF15: -9.4457036e-05 | BG15: 3.088474e-05 | BH15: -0.00017087624 | BI15: -0.00017589111 | BK15: 1 | BL15: =BN6*IF(BN6>0,1,0) -> 0 | BM15: =BO6*IF(BO6>0,1,0) -> 0 | BN15: =BP6*IF(BP6>0,1,0) -> 0 | BO15: =BQ6*IF(BQ6>0,1,0) -> 0.050890063 | BP15: =BR6*IF(BR6>0,1,0) -> 0 | BT15: 0 | BU15: 0 | BV15: 0 | BW15: 0 | BX15: 0 | BY15: 0 | BZ15: 0 | CA15: 0 | CB15: 0 | CC15: 0 | CD15: 0
L16: W_z | P16: U_z | T16: b_z | V16: 10 | W16: =K83 -> 0.39794933 | Y16: 10 | Z16: 0.469 | AA16: 0.365 | AB16: -0.207 | AD16: 3 | AE16: =-1/3*((2/(1+DATA!$I$16))*X36*(1-W30)-((2*DATA!$I$16)/(1+DATA!$I$16))*(1-X36)*W30) -> -0.074368219 | BK16: 2 | BL16: =BN7*IF(BN7>0,1,0) -> 0 | BM16: =BO7*IF(BO7>0,1,0) -> 0.040980476 | BN16: =BP7*IF(BP7>0,1,0) -> 0 | BO16: =BQ7*IF(BQ7>0,1,0) -> 0 | BP16: =BR7*IF(BR7>0,1,0) -> 0
L17: 1 | M17: 2 | P17: 1 | Q17: 2 | T17: 1 | V17: 11 | W17: =K84 -> 0.24383137 | Y17: 11 | Z17: 0.241 | AA17: 0.486 | AB17: -0.006 | AK17: t=4 | AU17: t=4 | BK17: 3 | BL17: =BN8*IF(BN8>0,1,0) -> 0 | BM17: =BO8*IF(BO8>0,1,0) -> 0 | BN17: =BP8*IF(BP8>0,1,0) -> 0.026940478 | BO17: =BQ8*IF(BQ8>0,1,0) -> 0 | BP17: =BR8*IF(BR8>0,1,0) -> 0
K18: 1 | L18: -0.212 | M18: 0.248 | O18: 1 | P18: -0.013 | Q18: 0.997 | S18: 1 | T18: 0 | V18: 12 | W18: =K85 -> 0.31354045 | Y18: 12 | Z18: -0.167 | AA18: -0.442 | AB18: 0.01 | AJ18: Pers 2.39 | AK18: L wrt h_t | AM18: L wrt ~h_t | AN18: L wrt z_~h(t) | AO18: L wrt z_t | AP18: L wrt z_z(t) | AQ18: L wrt r_t | AR18: L wrt z_r(t) | AS18: L wrt h_t-1 | AU18: L wrt W_h | AW18: L wrt U_h | AY18: L wrt b_h | AZ18: L wrt W_z | BB18: L wrt U_z | BD18: L wrt b_z | BE18: L wrt W_r | BG18: L wrt U_r | BI18: L wrt b_r | BK18: 4 | BL18: =BN9*IF(BN9>0,1,0) -> 0 | BM18: =BO9*IF(BO9>0,1,0) -> 0 | BN18: =BP9*IF(BP9>0,1,0) -> 0 | BO18: =BQ9*IF(BQ9>0,1,0) -> 0.011866864 | BP18: =BR9*IF(BR9>0,1,0) -> 0
K19: 2 | L19: -0.253 | M19: -0.872 | O19: 2 | P19: 0.878 | Q19: -0.139 | S19: 2 | T19: 0 | AE19: BOBOT | AF19: Pers 2.100 | AK19: 1 | AM19: 1 | AN19: 1 | AO19: 1 | AP19: 1 | AQ19: 1 | AR19: 1 | AS19: 1 | AU19: 1 | AV19: 2 | AW19: 1 | AX19: 2 | AY19: 1 | AZ19: 1 | BA19: 2 | BB19: 1 | BC19: 2 | BD19: 1 | BE19: 1 | BF19: 2 | BG19: 1 | BH19: 2 | BI19: 1 | BK19: 5 | BL19: =BN10*IF(BN10>0,1,0) -> 0.0010550625 | BM19: =BO10*IF(BO10>0,1,0) -> 0 | BN19: =BP10*IF(BP10>0,1,0) -> 0 | BO19: =BQ10*IF(BQ10>0,1,0) -> 0 | BP19: =BR10*IF(BR10>0,1,0) -> 0
W20: OUTPUT | X20: Pers 2.94 | Z20: BIAS | AE20: 1 | AF20: 2 | AG20: 3 | AJ20: 1 | AK20: {=AG94:AG95+_xlfn.ANCHORARRAY(AS14)} -> -0.068765748 | AM20: {=_xlfn.ANCHORARRAY(AK20)*(1-$O$47:$O$48)} -> -0.021641964 | AN20: {=_xlfn.ANCHORARRAY(AM20)*(1-$R$47:$R$48*$R$47:$R$48)} -> -0.021636582 | AO20: {=_xlfn.ANCHORARRAY(AK20)*(_xlfn.ANCHORARRAY(T41)-$R$47:$R$48)} -> 0.016037447 | AP20: {=_xlfn.ANCHORARRAY(AO20)*($O$47:$O$48*(1-$O$47:$O$48))} -> 0.0034588181 | AQ20: {=MMULT(TRANSPOSE($P$23:$Q$24),_xlfn.ANCHORARRAY(AN20))*_xlfn.ANCHORARRAY(T47)} -> 0.0026820462 | AR20: {=_xlfn.ANCHORARRAY(AQ20)*($L$47:$L$48*(1-$L$47:$L$48))} -> 0.00063594113 | AS20: {=_xlfn.ANCHORARRAY(AK20)*$O$47:$O$48+MMULT(TRANSPOSE($P$23:$Q$24),_xlfn.ANCHORARRAY(AN20))*$L$47:$L$48+MMULT(TRANSPOSE($P$18:$Q$19),_xlfn.ANCHORARRAY(AP20))+MMULT(TRANSPOSE($P$13:$Q$14),_xlfn.ANCHORARRAY(AR20))} -> -0.055872686 | AU20: {=MMULT(_xlfn.ANCHORARRAY(AN20),TRANSPOSE($F$14:$F$15))} -> -0.032658542 | AV20: -0.0087631047 | AW20: {=MMULT(_xlfn.ANCHORARRAY(AN20),TRANSPOSE($L$47:$L$48*_xlfn.ANCHORARRAY($T$41)))} -> 0.0033052602 | AX20: -0.014345276 | AY20: {=_xlfn.ANCHORARRAY(AN20)} -> -0.021636582 | AZ20: {=MMULT(_xlfn.ANCHORARRAY(AP20),TRANSPOSE($F$14:$F$15))} -> 0.0052207857 | BA20: 0.0014008675 | BB20: {=MMULT(_xlfn.ANCHORARRAY(AP20),TRANSPOSE(_xlfn.ANCHORARRAY(T47)))} -> -0.00060733426 | BC20: 0.003360203 | BD20: {=_xlfn.ANCHORARRAY(AP20)} -> 0.0034588181 | BE20: {=MMULT(_xlfn.ANCHORARRAY(AR20),TRANSPOSE($F$14:$F$15))} -> 0.00095989792 | BF20: 0.00025756465 | BG20: {=MMULT(_xlfn.ANCHORARRAY(AR20),TRANSPOSE(_xlfn.ANCHORARRAY(T41)))} -> -0.00015834214 | BH20: 0.00063432037 | BI20: {=_xlfn.ANCHORARRAY(AR20)} -> 0.00063594113 | BK20: 6 | BL20: =BN11*IF(BN11>0,1,0) -> 0 | BM20: =BO11*IF(BO11>0,1,0) -> 0 | BN20: =BP11*IF(BP11>0,1,0) -> 0 | BO20: =BQ11*IF(BQ11>0,1,0) -> 0 | BP20: =BR11*IF(BR11>0,1,0) -> 0
L21: W_h | P21: U_h | T21: b_h | W21: 1 | Z21: 1 | AD21: 1 | AE21: {=Z7:Z18-$W$39*$AE14*$W$7:$W$18} -> -0.11381919 | AF21: {=AA7:AA18-$W$39*$AE15*$W$7:$W$18} -> -0.674139 | AG21: {=AB7:AB18-$W$39*$AE16*$W$7:$W$18} -> -0.77347417 | AJ21: 2 | AK21: 0.026489288 | AM21: 0.01983562 | AN21: 0.0014490905 | AO21: 0.00091842504 | AP21: 0.00017274682 | AQ21: -0.014321267 | AR21: -0.0031918165 | AS21: -0.0010667966 | AU21: 0.0021872764 | AV21: 0.00058690103 | AW21: -0.00022136682 | AX21: 0.00096076189 | AY21: 0.0014490905 | AZ21: 0.00026074633 | BA21: 6.9964769e-05 | BB21: -3.0332633e-05 | BC21: 0.00016782159 | BD21: 0.00017274682 | BE21: -0.0048177699 | BF21: -0.0012927283 | BG21: 0.00079472616 | BH21: -0.0031836819 | BI21: -0.0031918165
L22: 1 | M22: 2 | P22: 1 | Q22: 2 | T22: 1 | V22: 1 | W22: {=TRANSPOSE(MMULT(TRANSPOSE(W7:W18),Z7:AB18)+TRANSPOSE(Z22:Z24))} -> -0.22012361 | Y22: 1 | Z22: 1 | AD22: 2 | AE22: -0.91353674 | AF22: -0.044893912 | AG22: 0.99805607 | BL22: KERNEL | BM22: Pers 2.13 | BQ22: BIAS | BR22: Pers 2.14
K23: 1 | L23: -0.507 | M23: 0.891 | O23: 1 | P23: 0.672 | Q23: 0.741 | S23: 1 | T23: 0 | V23: 2 | W23: 1.0874897 | Y23: 2 | Z23: 1 | AD23: 3 | AE23: -0.58692347 | AF23: 0.30685515 | AG23: -0.11358213 | AK23: t=3 | AU23: t=3 | BL23: 1 | BM23: 2 | BN23: 3 | BQ23: 1
K24: 2 | L24: 0.672 | M24: 0.741 | O24: 2 | P24: -0.507 | Q24: 0.891 | S24: 2 | T24: 0 | V24: 3 | W24: 1.9511892 | Y24: 3 | Z24: 1 | AD24: 4 | AE24: -0.25878442 | AF24: -0.20701093 | AG24: 0.19322479 | AJ24: Pers 2.39 | AK24: L wrt h_t | AM24: L wrt ~h_t | AN24: L wrt z_~h(t) | AO24: L wrt z_t | AP24: L wrt z_z(t) | AQ24: L wrt r_t | AR24: L wrt z_r(t) | AS24: L wrt h_t-1 | AU24: L wrt W_h | AW24: L wrt U_h | AY24: L wrt b_h | AZ24: L wrt W_z | BB24: L wrt U_z | BD24: L wrt b_z | BE24: L wrt W_r | BG24: L wrt U_r | BI24: L wrt b_r | BK24: 1 | BL24: {=FRONTEND!$M7-$W$39*SUM($BL$15:$BP$20*BV5:BZ10)} -> -0.51228313 | BM24: {=FRONTEND!$N7-$W$39*SUM($BL$15:$BP$20*BW5:CA10)} -> 0.89299962 | BN24: {=FRONTEND!$O7-$W$39*SUM($BL$15:$BP$20*BX5:CB10)} -> -0.52227575 | BP24: 1 | BQ24: =FRONTEND!$W$7-$W$39*SUM(AU56:AU61) -> 0.98709549
AD25: 5 | AE25: -0.54397741 | AF25: -0.19013645 | AG25: 0.18040577 | AK25: 1 | AM25: 1 | AN25: 1 | AO25: 1 | AP25: 1 | AQ25: 1 | AR25: 1 | AS25: 1 | AU25: 1 | AV25: 2 | AW25: 1 | AX25: 2 | AY25: 1 | AZ25: 1 | BA25: 2 | BB25: 1 | BC25: 2 | BD25: 1 | BE25: 1 | BF25: 2 | BG25: 1 | BH25: 2 | BI25: 1 | BK25: 2 | BL25: {=FRONTEND!$M8-$W$39*SUM($BL$15:$BP$20*BV6:BZ11)} -> 0.11929402 | BM25: {=FRONTEND!$N8-$W$39*SUM($BL$15:$BP$20*BW6:CA11)} -> -0.20105071 | BN25: {=FRONTEND!$O8-$W$39*SUM($BL$15:$BP$20*BX6:CB11)} -> -0.74587529
C26: Ref: apabila menggunakan cara PyTorch | K26: t=1 | W26: OUTPUT SIGMOID | Y26: Pers 2.95 | AD26: 6 | AE26: 0.60512699 | AF26: 0.88684731 | AG26: 0.76442918 | AJ26: 1 | AK26: {=AH94:AH95+_xlfn.ANCHORARRAY(AS20)} -> -0.21079132 | AM26: {=_xlfn.ANCHORARRAY(AK26)*(1-$O$41:$O$42)} -> -0.070304785 | AN26: {=_xlfn.ANCHORARRAY(AM26)*(1-$R$41:$R$42*$R$41:$R$42)} -> -0.065827102 | AO26: {=_xlfn.ANCHORARRAY(AK26)*(_xlfn.ANCHORARRAY(T35)-$R$41:$R$42)} -> 0.15856872 | AP26: {=_xlfn.ANCHORARRAY(AO26)*($O$41:$O$42*(1-$O$41:$O$42))} -> 0.035247772 | AQ26: {=MMULT(TRANSPOSE($P$23:$Q$24),_xlfn.ANCHORARRAY(AN26))*_xlfn.ANCHORARRAY(T41)} -> 0.01101776 | AR26: {=_xlfn.ANCHORARRAY(AQ26)*($L$41:$L$42*(1-$L$41:$L$42))} -> 0.0011478744 | AS26: {=_xlfn.ANCHORARRAY(AK26)*$O$41:$O$42+MMULT(TRANSPOSE($P$23:$Q$24),_xlfn.ANCHORARRAY(AN26))*$L$41:$L$42+MMULT(TRANSPOSE($P$18:$Q$19),_xlfn.ANCHORARRAY(AP26))+MMULT(TRANSPOSE($P$13:$Q$14),_xlfn.ANCHORARRAY(AR26))} -> -0.17942678 | AU26: {=MMULT(_xlfn.ANCHORARRAY(AN26),TRANSPOSE($E$14:$E$15))} -> -0.22242501 | AV26: -0.12107684 | AW26: {=MMULT(_xlfn.ANCHORARRAY(AN26),TRANSPOSE($L$41:$L$42*_xlfn.ANCHORARRAY(T35)))} -> 0.029018512 | AX26: -0.055829846 | AY26: {=_xlfn.ANCHORARRAY(AN26)} -> -0.065827102 | AZ26: {=MMULT(_xlfn.ANCHORARRAY(AP26),TRANSPOSE($E$14:$E$15))} -> 0.11909967 | BA26: 0.064831791 | BB26: {=MMULT(_xlfn.ANCHORARRAY(AP26),TRANSPOSE(_xlfn.ANCHORARRAY(T35)))} -> -0.017619887 | BC26: 0.033443155 | BD26: {=_xlfn.ANCHORARRAY(AP26)} -> 0.035247772 | BE26: {=MMULT(_xlfn.ANCHORARRAY(AR26),TRANSPOSE($E$14:$E$15))} -> 0.0038785844 | BF26: 0.0021113037 | BG26: {=MMULT(_xlfn.ANCHORARRAY(AR26),TRANSPOSE(_xlfn.ANCHORARRAY(T35)))} -> -0.00057380695 | BH26: 0.0010891054 | BI26: {=_xlfn.ANCHORARRAY(AR26)} -> 0.0011478744 | BK26: 3 | BL26: {=FRONTEND!$M9-$W$39*SUM($BL$15:$BP$20*BV7:BZ12)} -> 0.73296607 | BM26: {=FRONTEND!$N9-$W$39*SUM($BL$15:$BP$20*BW7:CA12)} -> 0.80055534 | BN26: {=FRONTEND!$O9-$W$39*SUM($BL$15:$BP$20*BX7:CB12)} -> -0.96440547
C27: H TILDE | D27: TANH | E27: H | H27: R | I27: Pers 2.32 | K27: R | L27: SIGMOID | N27: Z | O27: SIGMOID | Q27: H TILDE | R27: TANH | T27: H | W27: 1 | AD27: 7 | AE27: -0.206145 | AF27: -0.86359962 | AG27: 0.25286454 | AJ27: 2 | AK27: 0.074704525 | AM27: 0.071259958 | AN27: 2.8069293e-05 | AO27: -0.0038100114 | AP27: -0.00016757637 | AQ27: -0.048628622 | AR27: -0.004612296 | AS27: -0.0071148169 | AU27: 9.4844111e-05 | AV27: 5.16283e-05 | AW27: -1.2373765e-05 | AX27: 2.380637e-05 | AY27: 2.8069293e-05 | AZ27: -0.00056622841 | BA27: -0.00030822589 | BB27: 8.376917e-05 | BC27: -0.00015899678 | BD27: -0.00016757637 | BE27: -0.015584614 | BF27: -0.0084834698 | BG27: 0.0023056247 | BH27: -0.0043761554 | BI27: -0.004612296 | BK27: 4 | BL27: {=FRONTEND!$M10-$W$39*SUM($BL$15:$BP$20*BV8:BZ13)} -> 0.78757947 | BM27: {=FRONTEND!$N10-$W$39*SUM($BL$15:$BP$20*BW8:CA13)} -> 0.50862609 | BN27: {=FRONTEND!$O10-$W$39*SUM($BL$15:$BP$20*BX8:CB13)} -> -0.90474865
C28: 1 | D28: 1 | E28: 1 | H28: Z | I28: Pers 2.34 | K28: 1 | L28: 1 | N28: 1 | O28: 1 | Q28: 1 | R28: 1 | T28: 1 | V28: 1 | W28: =1/(1+EXP(-W22)) -> 0.44519023 | X28: gembira | AD28: 8 | AE28: 0.55644325 | AF28: 0.18384225 | AG28: -0.50633075 | BK28: 5 | BL28: {=FRONTEND!$M11-$W$39*SUM($BL$15:$BP$20*BV9:BZ14)} -> 0.41873346 | BM28: {=FRONTEND!$N11-$W$39*SUM($BL$15:$BP$20*BW9:CA14)} -> -0.4257385 | BN28: {=FRONTEND!$O11-$W$39*SUM($BL$15:$BP$20*BX9:CB14)} -> 0.29491139
C29: {=MMULT($L$23:$M$24,$C$14:$C$15)+$L$29:$L$30*MMULT($P$23:$Q$24,$L$7:$L$8)+$T$23:$T$24} -> -0.95197822 | D29: =(EXP(C29)-EXP(-C29))/(EXP(C29)+EXP(-C29)) -> -0.74067732 | E29: {=O29:O30*L7:L8+(1-O29:O30)*D29:D30} -> -0.45526208 | H29: H TILDE | I29: Pers 2.35 | J29: 1 | K29: {=MMULT($L$13:$M$14,$C$14:$C$15)+MMULT($P$13:$Q$14,$L$7:$L$8)+$T$13:$T$14} -> 3.9880876 | L29: =1/(1+EXP(-K29)) -> 0.98180217 | N29: {=MMULT($L$18:$M$19,$C$14:$C$15)+MMULT($P$18:$Q$19,$L$7:$L$8)+$T$18:$T$19} -> -1.4851299 | O29: =1/(1+EXP(-N29)) -> 0.18465383 | Q29: {=MMULT($L$23:$M$24,$C$14:$C$15)+MMULT($P$23:$Q$24,$L$29:$L$30*$L$7:$L$8)+$T$23:$T$24} -> -0.76420633 | R29: =(EXP(Q29)-EXP(-Q29))/(EXP(Q29)+EXP(-Q29)) -> -0.6435479 | T29: {=O29:O30*L7:L8+(1-O29:O30)*R29:R30} -> -0.37606797 | V29: 2 | W29: =1/(1+EXP(-W23)) -> 0.74790872 | X29: sedih | AD29: 9 | AE29: 1.0024099 | AF29: -0.94893028 | AG29: -0.90221691 | AK29: t=2 | AU29: t=2
C30: 2.8410056 | D30: =(EXP(C30)-EXP(-C30))/(EXP(C30)+EXP(-C30)) -> 0.99320973 | E30: 0.60985407 | H30: H | I30: Pers 2.37 | J30: 2 | K30: 0.95656399 | L30: =1/(1+EXP(-K30)) -> 0.72243333 | N30: -1.4205456 | O30: =1/(1+EXP(-N30)) -> 0.19457607 | Q30: 2.7351481 | R30: =(EXP(Q30)-EXP(-Q30))/(EXP(Q30)+EXP(-Q30)) -> 0.99161533 | T30: 0.6085699 | V30: 3 | W30: =1/(1+EXP(-W24)) -> 0.87557625 | X30: tegang | AD30: 10 | AE30: 0.48219641 | AF30: 0.36294738 | AG30: -0.20404052 | AJ30: Pers 2.39 | AK30: L wrt h_t | AM30: L wrt ~h_t | AN30: L wrt z_~h(t) | AO30: L wrt z_t | AP30: L wrt z_z(t) | AQ30: L wrt r_t | AR30: L wrt z_r(t) | AS30: L wrt h_t-1 | AU30: L wrt W_h | AW30: L wrt U_h | AY30: L wrt b_h | AZ30: L wrt W_z | BB30: L wrt U_z | BD30: L wrt b_z | BE30: L wrt W_r | BG30: L wrt U_r | BI30: L wrt b_r
C31: https://docs.pytorch.org/docs/2.12/generated/torch.nn.GRU.html | AD31: 11 | AE31: 0.2490857 | AF31: 0.48474232 | AG31: -0.0041866695 | AK31: 1 | AM31: 1 | AN31: 1 | AO31: 1 | AP31: 1 | AQ31: 1 | AR31: 1 | AS31: 1 | AU31: 1 | AV31: 2 | AW31: 1 | AX31: 2 | AY31: 1 | AZ31: 1 | BA31: 2 | BB31: 1 | BC31: 2 | BD31: 1 | BE31: 1 | BF31: 2 | BG31: 1 | BH31: 2 | BI31: 1 | BL31: FRONT-END
K32: t=2 | W32: LOSS | Y32: Pers 2.122 | AD32: 12 | AE32: -0.15660267 | AF32: -0.44361724 | AG32: 0.012331744 | AJ32: 1 | AK32: {=AI94:AI95+_xlfn.ANCHORARRAY(AS26)} -> -0.24679317 | AM32: {=_xlfn.ANCHORARRAY(AK32)*(1-$O$35:$O$36)} -> -0.11444663 | AN32: {=_xlfn.ANCHORARRAY(AM32)*(1-$R$35:$R$36*$R$35:$R$36)} -> -0.067118359 | AO32: {=_xlfn.ANCHORARRAY(AK32)*(_xlfn.ANCHORARRAY(T29)-$R$35:$R$36)} -> -0.065894482 | AP32: {=_xlfn.ANCHORARRAY(AO32)*($O$35:$O$36*(1-$O$35:$O$36))} -> -0.016386959 | AQ32: {=MMULT(TRANSPOSE($P$23:$Q$24),_xlfn.ANCHORARRAY(AN32))*_xlfn.ANCHORARRAY(T29)} -> 0.017102951 | AR32: {=_xlfn.ANCHORARRAY(AQ32)*($L$35:$L$36*(1-$L$35:$L$36))} -> 0.001491072 | AS32: {=_xlfn.ANCHORARRAY(AK32)*$O$35:$O$36+MMULT(TRANSPOSE($P$23:$Q$24),_xlfn.ANCHORARRAY(AN32))*$L$35:$L$36+MMULT(TRANSPOSE($P$18:$Q$19),_xlfn.ANCHORARRAY(AP32))+MMULT(TRANSPOSE($P$13:$Q$14),_xlfn.ANCHORARRAY(AR32))} -> -0.17845955 | AU32: {=MMULT(_xlfn.ANCHORARRAY(AN32),TRANSPOSE($D$14:$D$15))} -> -0.21315282 | AV32: -0.056007696 | AW32: {=MMULT(_xlfn.ANCHORARRAY(AN32),TRANSPOSE($L$35:$L$36*_xlfn.ANCHORARRAY(T29)))} -> 0.022805478 | AX32: -0.030031385 | AY32: {=_xlfn.ANCHORARRAY(AN32)} -> -0.067118359 | AZ32: {=MMULT(_xlfn.ANCHORARRAY(AP32),TRANSPOSE($D$14:$D$15))} -> -0.0520413 | BA32: -0.013674289 | BB32: {=MMULT(_xlfn.ANCHORARRAY(AP32),TRANSPOSE(_xlfn.ANCHORARRAY(T29)))} -> 0.0061626106 | BC32: -0.0099726101 | BD32: {=_xlfn.ANCHORARRAY(AP32)} -> -0.016386959 | BE32: {=MMULT(_xlfn.ANCHORARRAY(AR32),TRANSPOSE($D$14:$D$15))} -> 0.0047353095 | BF32: 0.0012442424 | BG32: {=MMULT(_xlfn.ANCHORARRAY(AR32),TRANSPOSE(_xlfn.ANCHORARRAY(T29)))} -> -0.00056074443 | BH32: 0.00090742153 | BI32: {=_xlfn.ANCHORARRAY(AR32)} -> 0.001491072 | BL32: KONVOLUSI HORIZONTAL | BT32: 0 | BU32: 0 | BV32: 0
C33: H TILDE | D33: TANH | E33: H | K33: R | L33: SIGMOID | N33: Z | O33: SIGMOID | Q33: H TILDE | R33: TANH | T33: H | W33: 1 | X33: t_n | AJ33: 2 | AK33: 0.16312855 | AM33: 0.14273731 | AN33: 0.00073927736 | AO33: -0.063430431 | AP33: -0.0069377531 | AQ33: -0.029866181 | AR33: -0.0058139468 | AS33: -0.033806468 | AU33: 0.0023477788 | AV33: 0.00061689861 | AW33: -0.00025119168 | AX33: 0.00033078168 | AY33: 0.00073927736 | AZ33: -0.022032745 | BA33: -0.0057892889 | BB33: 0.0026090668 | BC33: -0.0042221077 | BD33: -0.0069377531 | BE33: -0.018463788 | BF33: -0.0048515157 | BG33: 0.0021864392 | BH33: -0.003538193 | BI33: -0.0058139468 | BL33: KE RELU | BM33: Pers 2.17 | BT33: 0 | BU33: {=FRONTEND!$B$26:$B$31} -> 0.36548104 | BV33: 0
C34: 1 | D34: 1 | E34: 1 | K34: 1 | L34: 1 | N34: 1 | O34: 1 | Q34: 1 | R34: 1 | T34: 1 | V34: n=1 | W34: =((2/(1+DATA!$I$16))*X34*LN(W28)+((2*DATA!$I$16)/(1+DATA!$I$16))*(1-X34)*LN(1-W28)) -> -1.4510754 | X34: 1 | AE34: BIAS | AF34: Pers 2.101 | BL34: 1 | BT34: 0 | BU34: -0.24318937 | BV34: 0
C35: {=MMULT($L$23:$M$24,$D$14:$D$15)+$L$35:$L$36*MMULT($P$23:$Q$24,_xlfn.ANCHORARRAY(T29))+$T$23:$T$24} -> -0.68750818 | D35: =(EXP(C35)-EXP(-C35))/(EXP(C35)+EXP(-C35)) -> -0.59637882 | E35: {=O35:O36*_xlfn.ANCHORARRAY(T29)+(1-O35:O36)*D35:D36} -> -0.47823382 | J35: 1 | K35: {=MMULT($L$13:$M$14,$D$14:$D$15)+MMULT($P$13:$Q$14,_xlfn.ANCHORARRAY(T29))+$T$13:$T$14} -> 2.2368127 | L35: =1/(1+EXP(-K35)) -> 0.90350694 | N35: {=MMULT($L$18:$M$19,$D$14:$D$15)+MMULT($P$18:$Q$19,_xlfn.ANCHORARRAY(T29))+$T$18:$T$19} -> 0.14531521 | O35: =1/(1+EXP(-N35)) -> 0.53626501 | Q35: {=MMULT($L$23:$M$24,$D$14:$D$15)+MMULT($P$23:$Q$24,$L$35:$L$36*_xlfn.ANCHORARRAY(T29))+$T$23:$T$24} -> -0.76339244 | R35: =(EXP(Q35)-EXP(-Q35))/(EXP(Q35)+EXP(-Q35)) -> -0.64307083 | T35: {=O35:O36*_xlfn.ANCHORARRAY(T29)+(1-O35:O36)*R35:R36} -> -0.49988654 | V35: 2 | W35: =((2/(1+DATA!$I$17))*X35*LN(W29)+((2*DATA!$I$17)/(1+DATA!$I$17))*(1-X35)*LN(1-W29)) -> -1.0498774 | X35: 0 | AE35: 1 | AK35: t=1 | AU35: t=1 | BK35: 1 | BL35: =AV56*IF(AV56>0,1,0) -> 0 | BT35: 0 | BU35: 0.086633902 | BV35: 0
C36: 3.2913092 | D36: =(EXP(C36)-EXP(-C36))/(EXP(C36)+EXP(-C36)) -> 0.99723539 | E36: 0.94865179 | J36: 2 | K36: 1.0213249 | L36: =1/(1+EXP(-K36)) -> 0.7352306 | N36: -1.9459006 | O36: =1/(1+EXP(-N36)) -> 0.12500104 | Q36: 3.3233939 | R36: =(EXP(Q36)-EXP(-Q36))/(EXP(Q36)+EXP(-Q36)) -> 0.997407 | T36: 0.94880195 | V36: 3 | W36: =((2/(1+DATA!$I$18))*X36*LN(W30)+((2*DATA!$I$18)/(1+DATA!$I$18))*(1-X36)*LN(1-W30)) -> -0.2093757 | X36: 1 | AD36: 1 | AE36: =Z22-$W$39*$AE14 -> 1.033161 | AJ36: Pers 2.39 | AK36: L wrt h_t | AM36: L wrt ~h_t | AN36: L wrt z_~h(t) | AO36: L wrt z_t | AP36: L wrt z_z(t) | AQ36: L wrt r_t | AR36: L wrt z_r(t) | AS36: L wrt h_t-1 | AU36: L wrt W_h | AW36: L wrt U_h | AY36: L wrt b_h | AZ36: L wrt W_z | BB36: L wrt U_z | BD36: L wrt b_z | BE36: L wrt W_r | BG36: L wrt U_r | BI36: L wrt b_r | BK36: 2 | BL36: =AV57*IF(AV57>0,1,0) -> 0 | BT36: 0 | BU36: -0.8436868 | BV36: 0
V37: avg | W37: =-1*SUM(W34:W36)/3 -> 0.90344282 | AD37: 2 | AE37: =Z23-$W$39*$AE15 -> 0.99484201 | AK37: 1 | AM37: 1 | AN37: 1 | AO37: 1 | AP37: 1 | AQ37: 1 | AR37: 1 | AS37: 1 | AU37: 1 | AV37: 2 | AW37: 1 | AX37: 2 | AY37: 1 | AZ37: 1 | BA37: 2 | BB37: 1 | BC37: 2 | BD37: 1 | BE37: 1 | BF37: 2 | BG37: 1 | BH37: 2 | BI37: 1 | BK37: 3 | BL37: =AV58*IF(AV58>0,1,0) -> 0 | BT37: 0 | BU37: 0.17422067 | BV37: 0
K38: t=3 | AD38: 3 | AE38: =Z24-$W$39*$AE16 -> 1.0074368 | AJ38: 1 | AK38: {=AJ94:AJ95+_xlfn.ANCHORARRAY(AS32)} -> -0.17526758 | AM38: {=_xlfn.ANCHORARRAY(AK38)*(1-$O$29:$O$30)} -> -0.14290375 | AN38: {=_xlfn.ANCHORARRAY(AM38)*(1-$R$29:$R$30*$R$29:$R$30)} -> -0.083719605 | AO38: {=_xlfn.ANCHORARRAY(AK38)*(L7:L8-$R$29:$R$30)} -> -0.25388348 | AP38: {=_xlfn.ANCHORARRAY(AO38)*($O$29:$O$30*(1-$O$29:$O$30))} -> -0.038223884 | AQ38: {=MMULT(TRANSPOSE($P$23:$Q$24),_xlfn.ANCHORARRAY(AN38))*$L$7:$L$8} -> -0.045492445 | AR38: {=_xlfn.ANCHORARRAY(AQ38)*($L$29:$L$30*(1-$L$29:$L$30))} -> -0.00081279835 | AS38: {=_xlfn.ANCHORARRAY(AK38)*$O$29:$O$30+MMULT(TRANSPOSE($P$23:$Q$24),_xlfn.ANCHORARRAY(AN38))*$L$29:$L$30+MMULT(TRANSPOSE($P$18:$Q$19),_xlfn.ANCHORARRAY(AP38))+MMULT(TRANSPOSE($P$13:$Q$14),_xlfn.ANCHORARRAY(AR38))} -> -0.099744599 | AU38: {=MMULT(_xlfn.ANCHORARRAY(AN38),TRANSPOSE($C$14:$C$15))} -> -0.33736218 | AV38: -0.11939958 | AW38: {=MMULT(_xlfn.ANCHORARRAY(AN38),TRANSPOSE($L$29:$L$30*L7:L8))} -> -0.066167852 | AX38: 0.059090751 | AY38: {=_xlfn.ANCHORARRAY(AN38)} -> -0.083719605 | AZ38: {=MMULT(_xlfn.ANCHORARRAY(AP38),TRANSPOSE($C$14:$C$15))} -> -0.15402955 | BA38: -0.0545143 | BB38: {=MMULT(_xlfn.ANCHORARRAY(AP38),TRANSPOSE(L7:L8))} -> -0.030770227 | BC38: 0.037344735 | BD38: {=_xlfn.ANCHORARRAY(AP38)} -> -0.038223884 | BE38: {=MMULT(_xlfn.ANCHORARRAY(AR38),TRANSPOSE($C$14:$C$15))} -> -0.0032753072 | BF38: -0.0011592002 | BG38: {=MMULT(_xlfn.ANCHORARRAY(AR38),TRANSPOSE(L7:L8))} -> -0.00065430267 | BH38: 0.00079410399 | BI38: {=_xlfn.ANCHORARRAY(AR38)} -> -0.00081279835 | BK38: 4 | BL38: =AV59*IF(AV59>0,1,0) -> 0 | BT38: 0 | BU38: 0.46054055 | BV38: 0
C39: H TILDE | D39: TANH | E39: H | K39: R | L39: SIGMOID | N39: Z | O39: SIGMOID | Q39: H TILDE | R39: TANH | T39: H | V39: lr= | W39: 0.1 | AJ39: 2 | AK39: 0.037069652 | AM39: 0.029856785 | AN39: 0.00049857961 | AO39: -0.072975885 | AP39: -0.011436505 | AQ39: 0.060175377 | AR39: 0.012066572 | AS39: -0.070101509 | AU39: 0.0020091101 | AV39: 0.00071106637 | AW39: 0.00039405277 | AX39: -0.00035190615 | AY39: 0.00049857961 | AZ39: -0.046085315 | BA39: -0.016310563 | BB39: -0.0092063866 | BC39: 0.011173465 | BD39: -0.011436505 | BE39: 0.048624275 | BF39: 0.017209155 | BG39: 0.0097135904 | BH39: -0.011789041 | BI39: 0.012066572 | BK39: 5 | BL39: =AV60*IF(AV60>0,1,0) -> 0 | BT39: 0 | BU39: 0 | BV39: 0
C40: 1 | D40: 1 | E40: 1 | K40: 1 | L40: 1 | N40: 1 | O40: 1 | Q40: 1 | R40: 1 | T40: 1 | AE40: KE POOLING | BK40: 6 | BL40: =AV61*IF(AV61>0,1,0) -> 0.003636655
C41: {=MMULT($L$23:$M$24,$E$14:$E$15)+$L$41:$L$42*MMULT($P$23:$Q$24,_xlfn.ANCHORARRAY(T35))+$T$23:$T$24} -> 0.24947848 | D41: =(EXP(C41)-EXP(-C41))/(EXP(C41)+EXP(-C41)) -> 0.24442836 | E41: {=O41:O42*_xlfn.ANCHORARRAY(T35)+(1-O41:O42)*D41:D42} -> -0.25163676 | J41: 1 | K41: {=MMULT($L$13:$M$14,$E$14:$E$15)+MMULT($P$13:$Q$14,_xlfn.ANCHORARRAY(T35))+$T$13:$T$14} -> 2.0101495 | L41: =1/(1+EXP(-K41)) -> 0.8818586 | N41: {=MMULT($L$18:$M$19,$E$14:$E$15)+MMULT($P$18:$Q$19,_xlfn.ANCHORARRAY(T35))+$T$18:$T$19} -> 0.69227178 | O41: =1/(1+EXP(-N41)) -> 0.6664721 | Q41: {=MMULT($L$23:$M$24,$E$14:$E$15)+MMULT($P$23:$Q$24,$L$41:$L$42*_xlfn.ANCHORARRAY(T35))+$T$23:$T$24} -> 0.25794026 | R41: =(EXP(Q41)-EXP(-Q41))/(EXP(Q41)+EXP(-Q41)) -> 0.25236798 | T41: {=O41:O42*_xlfn.ANCHORARRAY(T35)+(1-O41:O42)*R41:R42} -> -0.24898868 | AE41: 1 | AF41: Pers 2.102 | AU41: SUM t=1,2,...,6 | AY41: Pers 2.52 | BD41: Pers 2.55 | BI41: Pers 2.58
C42: 4.6158058 | D42: =(EXP(C42)-EXP(-C42))/(EXP(C42)+EXP(-C42)) -> 0.99980423 | E42: 0.99745255 | J42: 2 | K42: 2.1311508 | L42: =1/(1+EXP(-K42)) -> 0.89389421 | N42: -3.0295361 | O42: =1/(1+EXP(-N42)) -> 0.046109227 | Q42: 4.6127555 | R42: =(EXP(Q42)-EXP(-Q42))/(EXP(Q42)+EXP(-Q42)) -> 0.99980303 | T42: 0.99745141 | AD42: 1 | AE42: {=SUM(MMULT(TRANSPOSE($AE$14:$AE$16),TRANSPOSE(Z7:AB7)))} -> 0.067684152 | AU42: L wrt W_h | AV42: Pers 2.50 | AW42: L wrt U_h | AX42: Pers 2.51 | AY42: L wrt b_h | AZ42: L wrt W_z | BA42: Pers 2.53 | BB42: L wrt U_z | BC42: Pers 2.54 | BD42: L wrt b_z | BE42: L wrt W_r | BF42: Pers 2.56 | BG42: L wrt U_r | BH42: Pers 2.57 | BI42: L wrt b_r | BL42: KERNEL | BM42: Pers 2.18 | BO42: BIAS | BP42: Pers 2.19
AD43: 2 | AE43: {=SUM(MMULT(TRANSPOSE($AE$14:$AE$16),TRANSPOSE(Z8:AB8)))} -> 0.23760976 | AU43: 1 | AV43: 2 | AW43: 1 | AX43: 2 | AY43: 1 | AZ43: 1 | BA43: 2 | BB43: 1 | BC43: 2 | BD43: 1 | BE43: 1 | BF43: 2 | BG43: 1 | BH43: 2 | BI43: 1 | BL43: 1 | BO43: 1
K44: t=4 | AD44: 3 | AE44: {=SUM(MMULT(TRANSPOSE($AE$14:$AE$16),TRANSPOSE(Z9:AB9)))} -> 0.23068996 | AT44: 1 | AU44: =L23-$W$39*SUM(AU8,AU14,AU20,AU26,AU32,AU38) -> -0.42749961 | AV44: =M23-$W$39*SUM(AV8,AV14,AV20,AV26,AV32,AV38) -> 0.92091973 | AW44: =P23-$W$39*SUM(AW8,AW14,AW20,AW26,AW32,AW38) -> 0.6733146 | AX44: =Q23-$W$39*SUM(AX8,AX14,AX20,AX26,AX32,AX38) -> 0.74475465 | AY44: =T23-$W$39*SUM(AY8,AY14,AY20,AY26,AY32,AY38) -> 0.023422358 | AZ44: =L18-$W$39*SUM(AZ8,AZ14,AZ20,AZ26,AZ32,AZ38) -> -0.20280343 | BA44: =M18-$W$39*SUM(BA8,BA14,BA20,BA26,BA32,BA38) -> 0.24844529 | BB44: =P18-$W$39*SUM(BB8,BB14,BB20,BB26,BB32,BB38) -> -0.0088119841 | BC44: =Q18-$W$39*SUM(BC8,BC14,BC20,BC26,BC32,BC38) -> 0.99085062 | BD44: =T18-$W$39*SUM(BD8,BD14,BD20,BD26,BD32,BD38) -> 0.0018628774 | BE44: =L13-W39*SUM(BE8,BE14,BE20,BE26,BE32,BE38) -> 0.87743916 | BF44: =M13-X39*SUM(BF8,BF14,BF20,BF26,BF32,BF38) -> -0.139 | BG44: =P13-$W$39*SUM(BG8,BG14,BG20,BG26,BG32,BG38) -> -0.25281715 | BH44: =Q13-$W$39*SUM(BH8,BH14,BH20,BH26,BH32,BH38) -> -0.87231966 | BI44: =T13-$W$39*SUM(BI8,BI14,BI20,BI26,BI32,BI38) -> -0.00022329262 | BK44: 1 | BL44: {=FRONTEND!T7-$W39*SUM($BL$35:$BL$40*BU32:BU37)} -> 0.12193664 | BN44: 1 | BO44: =FRONTEND!$W$7-$W$39*SUM(AV56:AV61) -> 1.0193576
C45: H TILDE | D45: TANH | E45: H | K45: R | L45: SIGMOID | N45: Z | O45: SIGMOID | Q45: H TILDE | R45: TANH | T45: H | AD45: 4 | AE45: {=SUM(MMULT(TRANSPOSE($AE$14:$AE$16),TRANSPOSE(Z10:AB10)))} -> 0.072247006 | AT45: 2 | AU45: =L24-$W$39*SUM(AU9,AU15,AU21,AU27,AU33,AU39) -> 0.67135965 | AV45: =M24-$W$39*SUM(AV9,AV15,AV21,AV27,AV33,AV39) -> 0.74082912 | AW45: =P24-$W$39*SUM(AW9,AW15,AW21,AW27,AW33,AW39) -> -0.507 | AX45: =Q24-$W$39*SUM(AX9,AX15,AX21,AX27,AX33,AX39) -> 0.89091679 | AY45: =T24-$W$39*SUM(AY9,AY15,AY21,AY27,AY33,AY39) -> -0.00025797554 | AZ45: =L19-$W$39*SUM(AZ9,AZ15,AZ21,AZ27,AZ33,AZ39) -> -0.24614763 | BA45: =M19-$W$39*SUM(BA9,BA15,BA21,BA27,BA33,BA39) -> -0.8697691 | BB45: =P19-$W$39*SUM(BB9,BB15,BB21,BB27,BB33,BB39) -> 0.87865578 | BC45: =Q19-$W$39*SUM(BC9,BC15,BC21,BC27,BC33,BC39) -> -0.13969542 | BD45: =T19-$W$39*SUM(BD9,BD15,BD21,BD27,BD33,BD39) -> 0.0018376388 | BE45: =L14-W40*SUM(BE9,BE15,BE21,BE27,BE33,BE39) -> -0.013 | BF45: =M14-X40*SUM(BF9,BF15,BF21,BF27,BF33,BF39) -> 0.997 | BG45: =P14-$W$39*SUM(BG9,BG15,BG21,BG27,BG33,BG39) -> -0.21347619 | BH45: =Q14-$W$39*SUM(BH9,BH15,BH21,BH27,BH33,BH39) -> 0.25025302 | BI45: =T14-$W$39*SUM(BI9,BI15,BI21,BI27,BI33,BI39) -> 0.00011973723 | BK45: 2 | BL45: {=FRONTEND!T8-$W40*SUM($BL$35:$BL$40*BU33:BU38)} -> 0.516
C46: 1 | D46: 1 | E46: 1 | K46: 1 | L46: 1 | N46: 1 | O46: 1 | Q46: 1 | R46: 1 | T46: 1 | AD46: 5 | AE46: {=SUM(MMULT(TRANSPOSE($AE$14:$AE$16),TRANSPOSE(Z11:AB11)))} -> 0.16893124 | BK46: 3 | BL46: {=FRONTEND!T9-$W41*SUM($BL$35:$BL$40*BU34:BU39)} -> -0.977
C47: {=MMULT($L$23:$M$24,$F$14:$F$15)+$L$47:$L$48*MMULT($P$23:$Q$24,_xlfn.ANCHORARRAY(T41))+$T$23:$T$24} -> -0.053593299 | D47: =(EXP(C47)-EXP(-C47))/(EXP(C47)+EXP(-C47)) -> -0.053542047 | E47: {=O47:O48*_xlfn.ANCHORARRAY(T41)+(1-O47:O48)*D47:D48} -> -0.18747769 | J47: 1 | K47: {=MMULT($L$13:$M$14,$F$14:$F$15)+MMULT($P$13:$Q$14,_xlfn.ANCHORARRAY(T41))+$T$13:$T$14} -> 0.46218443 | L47: =1/(1+EXP(-K47)) -> 0.61353226 | N47: {=MMULT($L$18:$M$19,$F$14:$F$15)+MMULT($P$18:$Q$19,_xlfn.ANCHORARRAY(T41))+$T$18:$T$19} -> 0.77814363 | O47: =1/(1+EXP(-N47)) -> 0.68527988 | Q47: {=MMULT($L$23:$M$24,$F$14:$F$15)+MMULT($P$23:$Q$24,$L$47:$L$48*_xlfn.ANCHORARRAY(T41))+$T$23:$T$24} -> -0.015771445 | R47: =(EXP(Q47)-EXP(-Q47))/(EXP(Q47)+EXP(-Q47)) -> -0.015770138 | T47: {=O47:O48*_xlfn.ANCHORARRAY(T41)+(1-O47:O48)*R47:R48} -> -0.17559011 | AD47: 6 | AE47: {=SUM(MMULT(TRANSPOSE($AE$14:$AE$16),TRANSPOSE(Z12:AB12)))} -> -0.19996863 | AU47: L wrt O_Cc | AV47: Pers 2.59
C48: 1.9890931 | D48: =(EXP(C48)-EXP(-C48))/(EXP(C48)+EXP(-C48)) -> 0.96324884 | E48: 0.97183996 | J48: 2 | K48: 0.6843295 | L48: =1/(1+EXP(-K48)) -> 0.66470431 | N48: -1.092311 | O48: =1/(1+EXP(-N48)) -> 0.25118335 | Q48: 1.9826333 | R48: =(EXP(Q48)-EXP(-Q48))/(EXP(Q48)+EXP(-Q48)) -> 0.96277985 | T48: 0.97148877 | AD48: 7 | AE48: {=SUM(MMULT(TRANSPOSE($AE$14:$AE$16),TRANSPOSE(Z13:AB13)))} -> 0.0063839364 | AU48: t=1 | AV48: t=2 | AW48: t=3 | AX48: t=4 | AY48: t=5 | AZ48: t=6
AD49: 8 | AE49: {=SUM(MMULT(TRANSPOSE($AE$14:$AE$16),TRANSPOSE(Z14:AB14)))} -> -0.13473279 | AU49: 1 | AV49: 2 | AW49: 3 | AX49: 4 | AY49: 5 | AZ49: 6
K50: t=5 | AD50: 9 | AE50: {=SUM(MMULT(TRANSPOSE($AE$14:$AE$16),TRANSPOSE(Z15:AB15)))} -> -0.30983727 | AT50: 1 | AU50: {=MMULT(TRANSPOSE($L$23:$M$24),_xlfn.ANCHORARRAY($AN$38))+MMULT(TRANSPOSE($L$18:$M$19),_xlfn.ANCHORARRAY($AP$38)+MMULT(TRANSPOSE($L$13:$M$14),_xlfn.ANCHORARRAY($AR$38)))} -> 0.050890063 | AV50: {=MMULT(TRANSPOSE($L$23:$M$24),_xlfn.ANCHORARRAY(AN32))+MMULT(TRANSPOSE($L$18:$M$19),_xlfn.ANCHORARRAY(AP32)+MMULT(TRANSPOSE($L$13:$M$14),_xlfn.ANCHORARRAY(AR32)))} -> 0.040980476 | AW50: {=MMULT(TRANSPOSE($L$23:$M$24),_xlfn.ANCHORARRAY(AN26))+MMULT(TRANSPOSE($L$18:$M$19),_xlfn.ANCHORARRAY(AP26)+MMULT(TRANSPOSE($L$13:$M$14),_xlfn.ANCHORARRAY(AR26)))} -> 0.026940478 | AX50: {=MMULT(TRANSPOSE($L$23:$M$24),_xlfn.ANCHORARRAY(AN20))+MMULT(TRANSPOSE($L$18:$M$19),_xlfn.ANCHORARRAY(AP20)+MMULT(TRANSPOSE($L$13:$M$14),_xlfn.ANCHORARRAY(AR20)))} -> 0.011866864 | AY50: {=MMULT(TRANSPOSE($L$23:$M$24),_xlfn.ANCHORARRAY(AN14))+MMULT(TRANSPOSE($L$18:$M$19),_xlfn.ANCHORARRAY(AP14)+MMULT(TRANSPOSE($L$13:$M$14),_xlfn.ANCHORARRAY(AR14)))} -> 0.0010550625 | AZ50: {=MMULT(TRANSPOSE($L$23:$M$24),_xlfn.ANCHORARRAY(AN8))+MMULT(TRANSPOSE($L$18:$M$19),_xlfn.ANCHORARRAY(AP8)+MMULT(TRANSPOSE($L$13:$M$14),_xlfn.ANCHORARRAY(AR8)))} -> -0.0026878433
C51: H TILDE | D51: TANH | E51: H | K51: R | L51: SIGMOID | N51: Z | O51: SIGMOID | Q51: H TILDE | R51: TANH | T51: H | AD51: 10 | AE51: {=SUM(MMULT(TRANSPOSE($AE$14:$AE$16),TRANSPOSE(Z16:AB16)))} -> -0.1213044 | AT51: 2 | AU51: -0.084536498 | AV51: -0.0516902 | AW51: -0.045329774 | AX51: -0.014496509 | AY51: -0.0011593185 | AZ51: 0.003636655
C52: 1 | D52: 1 | E52: 1 | K52: 1 | L52: 1 | N52: 1 | O52: 1 | Q52: 1 | R52: 1 | T52: 1 | AD52: 11 | AE52: {=SUM(MMULT(TRANSPOSE($AE$14:$AE$16),TRANSPOSE(Z17:AB17)))} -> -0.054404068
C53: {=MMULT($L$23:$M$24,$G$14:$G$15)+$L$53:$L$54*MMULT($P$23:$Q$24,_xlfn.ANCHORARRAY(T47))+$T$23:$T$24} -> -1.2373781 | D53: =(EXP(C53)-EXP(-C53))/(EXP(C53)+EXP(-C53)) -> -0.84470614 | E53: {=O53:O54*_xlfn.ANCHORARRAY(T47)+(1-O53:O54)*D53:D54} -> -0.48579757 | J53: 1 | K53: {=MMULT($L$13:$M$14,$G$14:$G$15)+MMULT($P$13:$Q$14,_xlfn.ANCHORARRAY(T47))+$T$13:$T$14} -> 3.0910824 | L53: =1/(1+EXP(-K53)) -> 0.9565234 | N53: {=MMULT($L$18:$M$19,$G$14:$G$15)+MMULT($P$18:$Q$19,_xlfn.ANCHORARRAY(T47))+$T$18:$T$19} -> 0.14582639 | O53: =1/(1+EXP(-N53)) -> 0.53639213 | Q53: {=MMULT($L$23:$M$24,$G$14:$G$15)+MMULT($P$23:$Q$24,$L$53:$L$54*_xlfn.ANCHORARRAY(T47))+$T$23:$T$24} -> -1.436278 | R53: =(EXP(Q53)-EXP(-Q53))/(EXP(Q53)+EXP(-Q53)) -> -0.89294598 | T53: {=O53:O54*_xlfn.ANCHORARRAY(T47)+(1-O53:O54)*R53:R54} -> -0.50816194 | AD53: 12 | AE53: {=SUM(MMULT(TRANSPOSE($AE$14:$AE$16),TRANSPOSE(Z18:AB18)))} -> 0.031836939 | AU53: KE FRONT-END
C54: 4.0846382 | D54: =(EXP(C54)-EXP(-C54))/(EXP(C54)+EXP(-C54)) -> 0.99943371 | E54: 0.99580104 | J54: 2 | K54: 0.75480496 | L54: =1/(1+EXP(-K54)) -> 0.68022477 | N54: -1.9010125 | O54: =1/(1+EXP(-N54)) -> 0.12999393 | Q54: 4.1092354 | R54: =(EXP(Q54)-EXP(-Q54))/(EXP(Q54)+EXP(-Q54)) -> 0.99946089 | T54: 0.99582468 | AU54: TRANSPOSE | AW54: Pers 2.59
AD55: Pers 2.104 | AE55: MAX-POOLING | AG55: HASIL | AU55: 1 | AV55: 2
K56: t=6 | AE56: 1 | AF56: argmax | AG56: 1 | AH56: 2 | AT56: 1 | AU56: =AU50 -> 0.050890063 | AV56: =AU51 -> -0.084536498
C57: H TILDE | D57: TANH | E57: H | K57: R | L57: SIGMOID | N57: Z | O57: SIGMOID | Q57: H TILDE | R57: TANH | T57: H | AD57: 1 | AE57: =AE42 -> 0.067684152 | AF57: =MATCH(MAX(_xlfn.ANCHORARRAY(K65)),_xlfn.ANCHORARRAY(K65),0) -> 2 | AG57: =IF($AF57=AG$56,$AE57,0) -> 0 | AH57: =IF($AF57=AH$56,$AE57,0) -> 0.067684152 | AT57: 2 | AU57: =AV50 -> 0.040980476 | AV57: =AV51 -> -0.0516902
C58: 1 | D58: 1 | E58: 1 | K58: 1 | L58: 1 | N58: 1 | O58: 1 | Q58: 1 | R58: 1 | T58: 1 | AD58: 2 | AE58: =AE43 -> 0.23760976 | AF58: =MATCH(MAX(_xlfn.ANCHORARRAY(K66)),_xlfn.ANCHORARRAY(K66),0) -> 2 | AG58: =IF($AF58=AG$56,$AE58,0) -> 0 | AH58: =IF($AF58=AH$56,$AE58,0) -> 0.23760976 | AT58: 3 | AU58: =AW50 -> 0.026940478 | AV58: =AW51 -> -0.045329774
C59: {=MMULT($L$23:$M$24,$H$14:$H$15)+$L$59:$L$60*MMULT($P$23:$Q$24,_xlfn.ANCHORARRAY(T53))+$T$23:$T$24} -> -0.088177432 | D59: =(EXP(C59)-EXP(-C59))/(EXP(C59)+EXP(-C59)) -> -0.087949606 | E59: {=O59:O60*_xlfn.ANCHORARRAY(T53)+(1-O59:O60)*D59:D60} -> -0.36537382 | J59: 1 | K59: {=MMULT($L$13:$M$14,$H$14:$H$15)+MMULT($P$13:$Q$14,_xlfn.ANCHORARRAY(T53))+$T$13:$T$14} -> 1.7666937 | L59: =1/(1+EXP(-K59)) -> 0.85404602 | N59: {=MMULT($L$18:$M$19,$H$14:$H$15)+MMULT($P$18:$Q$19,_xlfn.ANCHORARRAY(T53))+$T$18:$T$19} -> 0.664186 | O59: =1/(1+EXP(-N59)) -> 0.66020009 | Q59: {=MMULT($L$23:$M$24,$H$14:$H$15)+MMULT($P$23:$Q$24,$L$59:$L$60*_xlfn.ANCHORARRAY(T53))+$T$23:$T$24} -> -0.10754515 | R59: =(EXP(Q59)-EXP(-Q59))/(EXP(Q59)+EXP(-Q59)) -> -0.10713244 | T59: {=O59:O60*_xlfn.ANCHORARRAY(T53)+(1-O59:O60)*R59:R60} -> -0.37189215 | AD59: 3 | AE59: =AE44 -> 0.23068996 | AF59: =MATCH(MAX(_xlfn.ANCHORARRAY(K67)),_xlfn.ANCHORARRAY(K67),0) -> 2 | AG59: =IF($AF59=AG$56,$AE59,0) -> 0 | AH59: =IF($AF59=AH$56,$AE59,0) -> 0.23068996 | AT59: 4 | AU59: =AX50 -> 0.011866864 | AV59: =AX51 -> -0.014496509
C60: 3.9329379 | D60: =(EXP(C60)-EXP(-C60))/(EXP(C60)+EXP(-C60)) -> 0.99923307 | E60: 0.99896356 | J60: 2 | K60: 1.5701091 | L60: =1/(1+EXP(-K60)) -> 0.82779916 | N60: -2.4550211 | O60: =1/(1+EXP(-N60)) -> 0.079072137 | Q60: 3.9397001 | R60: =(EXP(Q60)-EXP(-Q60))/(EXP(Q60)+EXP(-Q60)) -> 0.99924337 | T60: 0.99897304 | AD60: 4 | AE60: =AE45 -> 0.072247006 | AF60: =MATCH(MAX(_xlfn.ANCHORARRAY(K68)),_xlfn.ANCHORARRAY(K68),0) -> 2 | AG60: =IF($AF60=AG$56,$AE60,0) -> 0 | AH60: =IF($AF60=AH$56,$AE60,0) -> 0.072247006 | AT60: 5 | AU60: =AY50 -> 0.0010550625 | AV60: =AY51 -> -0.0011593185
AD61: 5 | AE61: =AE46 -> 0.16893124 | AF61: =MATCH(MAX(_xlfn.ANCHORARRAY(K69)),_xlfn.ANCHORARRAY(K69),0) -> 2 | AG61: =IF($AF61=AG$56,$AE61,0) -> 0 | AH61: =IF($AF61=AH$56,$AE61,0) -> 0.16893124 | AT61: 6 | AU61: =AZ50 -> -0.0026878433 | AV61: =AZ51 -> 0.003636655
J62: Pers 2.38 | N62: Pers 2.93 | P62: Pers 2.93 | AD62: 6 | AE62: =AE47 -> -0.19996863 | AF62: =MATCH(MAX(_xlfn.ANCHORARRAY(K70)),_xlfn.ANCHORARRAY(K70),0) -> 2 | AG62: =IF($AF62=AG$56,$AE62,0) -> 0 | AH62: =IF($AF62=AH$56,$AE62,0) -> -0.19996863
J63: TRANSPOSE DAN CONCATENATE | N63: MAX-POOLING | P63: MEAN-POOLING
K64: 1 | L64: 2 | N64: 1 | P64: 1 | AD64: Pers 2.104 | AE64: MEAN-POOLING | AG64: k=
J65: t=1 | K65: {=TRANSPOSE(_xlfn.ANCHORARRAY(T29))} -> -0.37606797 | L65: 0.6085699 | N65: =MAX(_xlfn.ANCHORARRAY(K65)) -> 0.6085699 | P65: =AVERAGE(_xlfn.ANCHORARRAY(K65)) -> 0.11625096 | AE65: 1 | AF65: 2 | AG65: 2
J66: 2 | K66: {=TRANSPOSE(_xlfn.ANCHORARRAY(T35))} -> -0.49988654 | L66: 0.94880195 | N66: =MAX(_xlfn.ANCHORARRAY(K66)) -> 0.94880195 | P66: =AVERAGE(_xlfn.ANCHORARRAY(K66)) -> 0.2244577 | AD66: 1 | AE66: =$AE48*1/$AG$65 -> 0.0031919682 | AF66: =$AE48*1/$AG$65 -> 0.0031919682
J67: 3 | K67: {=TRANSPOSE(_xlfn.ANCHORARRAY(T41))} -> -0.24898868 | L67: 0.99745141 | N67: =MAX(_xlfn.ANCHORARRAY(K67)) -> 0.99745141 | P67: =AVERAGE(_xlfn.ANCHORARRAY(K67)) -> 0.37423137 | AD67: 2 | AE67: =$AE49*1/$AG$65 -> -0.067366395 | AF67: =$AE49*1/$AG$65 -> -0.067366395
J68: 4 | K68: {=TRANSPOSE(_xlfn.ANCHORARRAY(T47))} -> -0.17559011 | L68: 0.97148877 | N68: =MAX(_xlfn.ANCHORARRAY(K68)) -> 0.97148877 | P68: =AVERAGE(_xlfn.ANCHORARRAY(K68)) -> 0.39794933 | AD68: 3 | AE68: =$AE50*1/$AG$65 -> -0.15491863 | AF68: =$AE50*1/$AG$65 -> -0.15491863
J69: 5 | K69: {=TRANSPOSE(_xlfn.ANCHORARRAY(T53))} -> -0.50816194 | L69: 0.99582468 | N69: =MAX(_xlfn.ANCHORARRAY(K69)) -> 0.99582468 | P69: =AVERAGE(_xlfn.ANCHORARRAY(K69)) -> 0.24383137 | AD69: 4 | AE69: =$AE51*1/$AG$65 -> -0.060652202 | AF69: =$AE51*1/$AG$65 -> -0.060652202
J70: 6 | K70: {=TRANSPOSE(_xlfn.ANCHORARRAY(T59))} -> -0.37189215 | L70: 0.99897304 | N70: =MAX(_xlfn.ANCHORARRAY(K70)) -> 0.99897304 | P70: =AVERAGE(_xlfn.ANCHORARRAY(K70)) -> 0.31354045 | AD70: 5 | AE70: =$AE52*1/$AG$65 -> -0.027202034 | AF70: =$AE52*1/$AG$65 -> -0.027202034
AD71: 6 | AE71: =$AE53*1/$AG$65 -> 0.01591847 | AF71: =$AE53*1/$AG$65 -> 0.01591847
K72: FLATTEN | L72: Pers 2.93
K73: 1 | AE73: KE BACK-END | AG73: Pers 2.104
J74: 1 | K74: {=N65:N70} -> 0.6085699 | AE74: 1 | AF74: 2
J75: 2 | K75: 0.94880195 | W75: 0 | X75: 0 | Y75: 0 | Z75: 0 | AA75: 0 | AB75: 1 | AD75: 1 | AE75: =AG57+AE66 -> 0.0031919682 | AF75: =AH57+AF66 -> 0.07087612
J76: 3 | K76: 0.99745141 | W76: 0 | X76: 0 | Y76: 0 | Z76: 0 | AA76: 1 | AB76: 0 | AD76: 2 | AE76: =AG58+AE67 -> -0.067366395 | AF76: =AH58+AF67 -> 0.17024336
J77: 4 | K77: 0.97148877 | W77: 0 | X77: 0 | Y77: 0 | Z77: 1 | AA77: 0 | AB77: 0 | AD77: 3 | AE77: =AG59+AE68 -> -0.15491863 | AF77: =AH59+AF68 -> 0.075771322
J78: 5 | K78: 0.99582468 | W78: 0 | X78: 0 | Y78: 1 | Z78: 0 | AA78: 0 | AB78: 0 | AD78: 4 | AE78: =AG60+AE69 -> -0.060652202 | AF78: =AH60+AF69 -> 0.011594803
J79: 6 | K79: 0.99897304 | W79: 0 | X79: 1 | Y79: 0 | Z79: 0 | AA79: 0 | AB79: 0 | AD79: 5 | AE79: =AG61+AE70 -> -0.027202034 | AF79: =AH61+AF70 -> 0.1417292
J80: 7 | K80: {=P65:P70} -> 0.11625096 | W80: 1 | X80: 0 | Y80: 0 | Z80: 0 | AA80: 0 | AB80: 0 | AD80: 6 | AE80: =AG62+AE71 -> 0.01591847 | AF80: =AH62+AF71 -> -0.18405016
J81: 8 | K81: 0.2244577
J82: 9 | K82: 0.37423137
J83: 10 | K83: 0.39794933 | AE83: ITERASI MUNDUR
J84: 11 | K84: 0.24383137 | AE84: 1 | AF84: 2
J85: 12 | K85: 0.31354045 | AD85: t=6 | AE85: {=MMULT(W75:AB80,AE75:AF80)} -> 0.01591847 | AF85: -0.18405016
AD86: 5 | AE86: -0.027202034 | AF86: 0.1417292
AD87: 4 | AE87: -0.060652202 | AF87: 0.011594803
AD88: 3 | AE88: -0.15491863 | AF88: 0.075771322
AD89: 2 | AE89: -0.067366395 | AF89: 0.17024336
AD90: 1 | AE90: 0.0031919682 | AF90: 0.07087612
AE92: ITERASI MUNDUR TRANSPOSED
AE93: t=6 | AF93: 5 | AG93: 4 | AH93: 3 | AI93: 2 | AJ93: 1
AD94: 1 | AE94: {=TRANSPOSE(AE85:AF90)} -> 0.01591847 | AF94: -0.027202034 | AG94: -0.060652202 | AH94: -0.15491863 | AI94: -0.067366395 | AJ94: 0.0031919682
AD95: 2 | AE95: -0.18405016 | AF95: 0.1417292 | AG95: 0.011594803 | AH95: 0.075771322 | AI95: 0.17024336 | AJ95: 0.07087612

Sheet ATTN-BE
C2: CONCATENATE | F2: dk | G2: =$G$4/$G$5 -> 1 | J2: FEED-FORWARD | AG2: FEED-FORWARD | AO2: BACKPROPAGATION | AU2: BACKPROPAGATION | CC2: FRONT-END
C3: 1 | D3: 2 | F3: dv | G3: =$G$4/$G$5 -> 1 | J3: MHA | AG3: CLASSIFIER | AO3: CLASSIFIER | AU3: POSITION-WISE FFN | CC3: KONVOLUSI VERTIKAL
B4: 1 | C4: {=FRONTEND!M49:N54} -> 4.0296677 | D4: 1.4261842 | F4: d_model | G4: 2 | H4: Pers 2.62 | J4: head_1 | L4: Pers 2.63 | N4: Pers 2.63 | P4: head_1 | AD4: head_1 | CC4: KE MAX-POOLING | CE4: HASIL | CF4: Pers 2.10 | CK4: 0 | CL4: 0 | CM4: 0 | CN4: 0 | CO4: 0 | CP4: 0 | CQ4: 0 | CR4: 0 | CS4: 0 | CT4: 0 | CU4: 0
B5: 2 | C5: 3.1757752 | D5: 0.83446165 | F5: h | G5: 2 | I5: Pers 2.63 | J5: Q WQ | L5: K WK | N5: V WV | P5: QK^T | W5: SOFTMAX | AD5: SOFTMAX V | AE5: Pers 2.60 | AG5: INPUT | AJ5: BOBOT | AO5: L wrt y_n | AP5: Pers 2.96 | AU5: W2 | AV5: Pers 2.67 | AX5: b2 | AY5: Pers 2.68 | CC5: 1 | CD5: argmax | CE5: 1 | CF5: 2 | CG5: 3 | CH5: 4 | CI5: 5 | CK5: 0 | CL5: 0 | CM5: 0 | CN5: 0 | CO5: 0 | CP5: 0 | CQ5: 0 | CR5: 0 | CS5: 0 | CT5: 0 | CU5: 0
B6: 3 | C6: 3.3789276 | D6: 1.839316 | F6: d_ff | G6: 2 | J6: 1 | L6: 1 | N6: 1 | P6: 1 | Q6: 2 | R6: 3 | S6: 4 | T6: 5 | U6: 6 | W6: 1 | X6: 2 | Y6: 3 | Z6: 4 | AA6: 5 | AB6: 6 | AD6: 1 | AG6: 1 | AJ6: 1 | AK6: 2 | AL6: 3 | AO6: 1 | AU6: 1 | AV6: 2 | AX6: 1 | AY6: 2 | CB6: 1 | CC6: {=CA85:CA90} -> -0.19032161 | CD6: =MATCH(MAX(FRONTEND!$M28:$Q28),FRONTEND!$M28:$Q28,0) -> 4 | CE6: =IF($CD6=CE$5,$CC6,0) -> 0 | CF6: =IF($CD6=CF$5,$CC6,0) -> 0 | CG6: =IF($CD6=CG$5,$CC6,0) -> 0 | CH6: =IF($CD6=CH$5,$CC6,0) -> -0.19032161 | CI6: =IF($CD6=CI$5,$CC6,0) -> 0 | CK6: 0 | CL6: 0 | CM6: 0 | CN6: 0 | CO6: 0 | CP6: 0 | CQ6: 0 | CR6: 0 | CS6: 0 | CT6: 0 | CU6: 0
B7: 4 | C7: 1.5094132 | D7: 0.40501336 | I7: 1 | J7: {=MMULT($C$14:$D$19,C25:C26)} -> -1.3385314 | L7: {=MMULT($C$14:$D$19,E25:E26)} -> -0.11812804 | N7: {=MMULT($C$14:$D$19,G25:G26)} -> -1.7817101 | P7: {=MMULT(_xlfn.ANCHORARRAY(J7),TRANSPOSE(_xlfn.ANCHORARRAY(L7)))/SQRT($G$2)} -> 0.15811809 | Q7: -0.85963907 | R7: -0.96082048 | S7: -1.4736333 | T7: -2.1737682 | U7: 0.35613756 | W7: {=EXP(P7)/SUM(EXP($P7:$U7))} -> 0.31252772 | X7: {=EXP(Q7)/SUM(EXP($P7:$U7))} -> 0.11294896 | Y7: {=EXP(R7)/SUM(EXP($P7:$U7))} -> 0.10207977 | Z7: {=EXP(S7)/SUM(EXP($P7:$U7))} -> 0.061126276 | AA7: {=EXP(T7)/SUM(EXP($P7:$U7))} -> 0.030350316 | AB7: {=EXP(U7)/SUM(EXP($P7:$U7))} -> 0.38096696 | AD7: {=MMULT(W7:AB12,_xlfn.ANCHORARRAY(N7))} -> -1.2059823 | AF7: 1 | AG7: =U47 -> 3.8524777 | AI7: 1 | AJ7: -0.134 | AK7: -0.671 | AL7: -0.778 | AN7: 1 | AO7: =-1/3*((2/(1+DATA!$I$16))*AH34/AG28-((2*DATA!$I$16)/(1+DATA!$I$16))*(1-AH34)*(1-AG28)) -> -1.558861 | AT7: 1 | AU7: {=C47:D48-$AG$39*MMULT(TRANSPOSE($M$38:$N$43),$AO$75:$AP$80)} -> -0.77676932 | AV7: -0.80272199 | AX7: =F47-$AG$39*SUM(AO75:AO80) -> 0.96414111 | AY7: =G47-$AG$39*SUM(AP75:AP80) -> 1.026151 | CB7: 2 | CC7: 0.076334272 | CD7: =MATCH(MAX(FRONTEND!$M29:$Q29),FRONTEND!$M29:$Q29,0) -> 2 | CE7: =IF($CD7=CE$5,$CC7,0) -> 0 | CF7: =IF($CD7=CF$5,$CC7,0) -> 0.076334272 | CG7: =IF($CD7=CG$5,$CC7,0) -> 0 | CH7: =IF($CD7=CH$5,$CC7,0) -> 0 | CI7: =IF($CD7=CI$5,$CC7,0) -> 0 | CK7: 0 | CL7: 0 | CM7: 0 | CN7: {=FRONTEND!$B$4:$F$9} -> 0.098070128 | CO7: 0.76989837 | CP7: 1.0888675 | CQ7: 0.41864133 | CR7: -0.54807215 | CS7: 0 | CT7: 0 | CU7: 0
B8: 5 | C8: 4.5198657 | D8: 0.53701995 | I8: 2 | J8: -2.253074 | L8: 0.64222555 | N8: -1.0997438 | P8: 0.2661512 | Q8: -1.4469817 | R8: -1.6172946 | S8: -2.4804832 | T8: -3.6589806 | U8: 0.59946614 | W8: {=EXP(P8)/SUM(EXP($P8:$U8))} -> 0.35563965 | X8: {=EXP(Q8)/SUM(EXP($P8:$U8))} -> 0.064121848 | Y8: {=EXP(R8)/SUM(EXP($P8:$U8))} -> 0.054080422 | Z8: {=EXP(S8)/SUM(EXP($P8:$U8))} -> 0.022811928 | AA8: {=EXP(T8)/SUM(EXP($P8:$U8))} -> 0.0070201615 | AB8: {=EXP(U8)/SUM(EXP($P8:$U8))} -> 0.49632599 | AD8: -1.3104404 | AF8: 2 | AG8: =U48 -> 3.7740177 | AI8: 2 | AJ8: -0.945 | AK8: -0.04 | AL8: 0.991 | AN8: 2 | AO8: =-1/3*((2/(1+DATA!$I$16))*AH35/AG29-((2*DATA!$I$16)/(1+DATA!$I$16))*(1-AH35)*(1-AG29)) -> 0.066442273 | AT8: 2 | AU8: -0.77099298 | AV8: 0.11136104 | CB8: 3 | CC8: -0.15458802 | CD8: =MATCH(MAX(FRONTEND!$M30:$Q30),FRONTEND!$M30:$Q30,0) -> 3 | CE8: =IF($CD8=CE$5,$CC8,0) -> 0 | CF8: =IF($CD8=CF$5,$CC8,0) -> 0 | CG8: =IF($CD8=CG$5,$CC8,0) -> -0.15458802 | CH8: =IF($CD8=CH$5,$CC8,0) -> 0 | CI8: =IF($CD8=CI$5,$CC8,0) -> 0 | CK8: 0 | CL8: 0 | CM8: 0 | CN8: 0.39479458 | CO8: 0.76298403 | CP8: -1.5092547 | CQ8: 0.78695236 | CR8: -1.6514231 | CS8: 0 | CT8: 0 | CU8: 0
B9: 6 | C9: 3.0540707 | D9: 1.2588938 | I9: 3 | J9: -2.4440611 | L9: 0.7178169 | N9: -1.1452013 | P9: 0.28871214 | Q9: -1.5696385 | R9: -1.7543884 | S9: -2.6907473 | T9: -3.9691428 | U9: 0.65028131 | W9: {=EXP(P9)/SUM(EXP($P9:$U9))} -> 0.3589235 | X9: {=EXP(Q9)/SUM(EXP($P9:$U9))} -> 0.055966798 | Y9: {=EXP(R9)/SUM(EXP($P9:$U9))} -> 0.046525881 | Z9: {=EXP(S9)/SUM(EXP($P9:$U9))} -> 0.018240599 | AA9: {=EXP(T9)/SUM(EXP($P9:$U9))} -> 0.005079711 | AB9: {=EXP(U9)/SUM(EXP($P9:$U9))} -> 0.51526351 | AD9: -1.3207715 | AF9: 3 | AG9: =U49 -> 4.0598648 | AI9: 3 | AJ9: -0.62 | AK9: 0.312 | AL9: -0.121 | AN9: 3 | AO9: =-1/3*((2/(1+DATA!$I$16))*AH36/AG30-((2*DATA!$I$16)/(1+DATA!$I$16))*(1-AH36)*(1-AG30)) -> -1.4403943 | CB9: 4 | CC9: 0.15659342 | CD9: =MATCH(MAX(FRONTEND!$M31:$Q31),FRONTEND!$M31:$Q31,0) -> 4 | CE9: =IF($CD9=CE$5,$CC9,0) -> 0 | CF9: =IF($CD9=CF$5,$CC9,0) -> 0 | CG9: =IF($CD9=CG$5,$CC9,0) -> 0 | CH9: =IF($CD9=CH$5,$CC9,0) -> 0.15659342 | CI9: =IF($CD9=CI$5,$CC9,0) -> 0 | CK9: 0 | CL9: 0 | CM9: 0 | CN9: 1.2610502 | CO9: 1.0201002 | CP9: 0.20946803 | CQ9: -1.5474479 | CR9: -0.51000095 | CS9: 0 | CT9: 0 | CU9: 0
B10: DARI FRONT-END | I10: 4 | J10: -1.9375413 | L10: 1.1009329 | N10: 0.29323876 | P10: 0.22887794 | Q10: -1.2443385 | R10: -1.3907999 | S10: -2.1331029 | T10: -3.1465571 | U10: 0.51551365 | W10: {=EXP(P10)/SUM(EXP($P10:$U10))} -> 0.34631733 | X10: {=EXP(Q10)/SUM(EXP($P10:$U10))} -> 0.079371476 | Y10: {=EXP(R10)/SUM(EXP($P10:$U10))} -> 0.068557835 | Z10: {=EXP(S10)/SUM(EXP($P10:$U10))} -> 0.032634652 | AA10: {=EXP(T10)/SUM(EXP($P10:$U10))} -> 0.011845174 | AB10: {=EXP(U10)/SUM(EXP($P10:$U10))} -> 0.46127353 | AD10: -1.2860236 | AF10: 4 | AG10: =U50 -> 2.6080101 | AI10: 4 | AJ10: -0.291 | AK10: -0.202 | AL10: 0.186 | AU10: L wrt O_FFN(1) | AW10: Pers 2.71 | CB10: 5 | CC10: -0.072791256 | CD10: =MATCH(MAX(FRONTEND!$M32:$Q32),FRONTEND!$M32:$Q32,0) -> 1 | CE10: =IF($CD10=CE$5,$CC10,0) -> -0.072791256 | CF10: =IF($CD10=CF$5,$CC10,0) -> 0 | CG10: =IF($CD10=CG$5,$CC10,0) -> 0 | CH10: =IF($CD10=CH$5,$CC10,0) -> 0 | CI10: =IF($CD10=CI$5,$CC10,0) -> 0 | CK10: 0 | CL10: 0 | CM10: 0 | CN10: -1.9148228 | CO10: -0.96507706 | CP10: -0.73600695 | CQ10: -1.2146669 | CR10: 0.61213976 | CS10: 0 | CT10: 0 | CU10: 0
I11: 5 | J11: -3.3463893 | L11: 1.6239949 | N11: -0.12010715 | P11: 0.3953024 | Q11: -2.1491367 | R11: -2.4020948 | S11: -3.68415 | T11: -5.4345191 | U11: 0.89036006 | W11: {=EXP(P11)/SUM(EXP($P11:$U11))} -> 0.3571513 | X11: {=EXP(Q11)/SUM(EXP($P11:$U11))} -> 0.028042478 | Y11: {=EXP(R11)/SUM(EXP($P11:$U11))} -> 0.021774995 | Z11: {=EXP(S11)/SUM(EXP($P11:$U11))} -> 0.0060418308 | AA11: {=EXP(T11)/SUM(EXP($P11:$U11))} -> 0.0010495254 | AB11: {=EXP(U11)/SUM(EXP($P11:$U11))} -> 0.58593987 | AD11: -1.3399991 | AF11: 5 | AG11: =U51 -> 4.7462823 | AI11: 5 | AJ11: -0.577 | AK11: -0.185 | AL11: 0.173 | AU11: 1 | AV11: 2 | CB11: 6 | CC11: 0.11984531 | CD11: =MATCH(MAX(FRONTEND!$M33:$Q33),FRONTEND!$M33:$Q33,0) -> 5 | CE11: =IF($CD11=CE$5,$CC11,0) -> 0 | CF11: =IF($CD11=CF$5,$CC11,0) -> 0 | CG11: =IF($CD11=CG$5,$CC11,0) -> 0 | CH11: =IF($CD11=CH$5,$CC11,0) -> 0 | CI11: =IF($CD11=CI$5,$CC11,0) -> 0.11984531 | CK11: 0 | CL11: 0 | CM11: 0 | CN11: 0.61185768 | CO11: -1.6862565 | CP11: -0.39331256 | CQ11: 1.0273144 | CR11: 1.3115002 | CS11: 0 | CT11: 0 | CU11: 0
B12: POSITIONAL ENCODING | E12: Pers 2.64 | G12: PE matrix | I12: 6 | J12: -0.44856693 | L12: -0.26606589 | N12: -1.1085239 | P12: 0.052988331 | Q12: -0.28808114 | R12: -0.32198892 | S12: -0.49384209 | T12: -0.72847039 | U12: 0.11934836 | W12: {=EXP(P12)/SUM(EXP($P12:$U12))} -> 0.22205223 | X12: {=EXP(Q12)/SUM(EXP($P12:$U12))} -> 0.15788125 | Y12: {=EXP(R12)/SUM(EXP($P12:$U12))} -> 0.15261759 | Z12: {=EXP(S12)/SUM(EXP($P12:$U12))} -> 0.1285197 | AA12: {=EXP(T12)/SUM(EXP($P12:$U12))} -> 0.1016417 | AB12: {=EXP(U12)/SUM(EXP($P12:$U12))} -> 0.23728754 | AD12: -0.98159934 | AF12: 6 | AG12: =U52 -> 2.885833 | AI12: 6 | AJ12: 0.572 | AK12: 0.892 | AL12: 0.757 | AN12: Pers 2.99 | AO12: KE SIGMOID | AT12: 1 | AU12: {=MMULT($AO$75:$AP$80,TRANSPOSE($C$47:$D$48))} -> -0.26535714 | AV12: 0.020472557 | CK12: 0 | CL12: 0 | CM12: 0 | CN12: -0.4509497 | CO12: 0.098350912 | CP12: 1.3402387 | CQ12: 0.52920668 | CR12: 0.78585619 | CS12: 0 | CT12: 0 | CU12: 0
B13: i= | C13: =COUNT($C$3:$D$3)/2-1 -> 0 | D13: =COUNT($C$3:$D$3)/2-1 -> 0 | E13: i= | F13: =COUNT($C$3:$D$3)/2-1 -> 0 | G13: =COUNT($C$3:$D$3)/2-1 -> 0 | AF13: 7 | AG13: =U53 -> 3.3505442 | AI13: 7 | AJ13: -0.21 | AK13: -0.863 | AL13: 0.252 | AO13: 1 | AT13: 2 | AU13: 0.018069867 | AV13: 0.0061636007 | CC13: KE RELU | CD13: Pers 2.11 | CK13: 0 | CL13: 0 | CM13: 0 | CN13: 0 | CO13: 0 | CP13: 0 | CQ13: 0 | CR13: 0 | CS13: 0 | CT13: 0 | CU13: 0
B14: 1 | C14: =C4+SIN(($B14-1)/POWER(10000,(2*$C$13/$G$4))) -> 4.0296677 | D14: =D4+COS(($B14-1)/POWER(10000,(2*$D$13/$G$4))) -> 2.4261842 | F14: =SIN(($B14-1)/POWER(10000,(2*$C$13/$G$4))) -> 0 | G14: =COS(($B14-1)/POWER(10000,(2*$D$13/$G$4))) -> 1 | J14: head_2 | L14: Pers 2.63 | N14: Pers 2.63 | P14: head_2 | AD14: head_2 | AF14: 8 | AG14: =U54 -> 3.7057219 | AI14: 8 | AJ14: 0.549 | AK14: 0.185 | AL14: -0.508 | AN14: 1 | AO14: =-1/3*((2/(1+DATA!$I$16))*AH34*(1-AG28)-((2*DATA!$I$16)/(1+DATA!$I$16))*(1-AH34)*AG28) -> -0.36852956 | AT14: 3 | AU14: -0.15735129 | AV14: -0.1608582 | CC14: 1 | CD14: 2 | CE14: 3 | CF14: 4 | CG14: 5 | CK14: 0 | CL14: 0 | CM14: 0 | CN14: 0 | CO14: 0 | CP14: 0 | CQ14: 0 | CR14: 0 | CS14: 0 | CT14: 0 | CU14: 0
B15: 2 | C15: =C5+SIN(($B15-1)/POWER(10000,(2*$C$13/$G$4))) -> 4.0172462 | D15: =D5+COS(($B15-1)/POWER(10000,(2*$D$13/$G$4))) -> 1.374764 | F15: =SIN(($B15-1)/POWER(10000,(2*$C$13/$G$4))) -> 0.84147098 | G15: =COS(($B15-1)/POWER(10000,(2*$D$13/$G$4))) -> 0.54030231 | I15: Pers 2.63 | J15: Q WQ | L15: K WK | N15: V WV | P15: QK^T | W15: SOFTMAX | AD15: SOFTMAX V | AE15: Pers 2.60 | AF15: 9 | AG15: =U55 -> 3.9057341 | AI15: 9 | AJ15: 0.99 | AK15: -0.947 | AL15: -0.905 | AN15: 2 | AO15: =-1/3*((2/(1+DATA!$I$16))*AH35*(1-AG29)-((2*DATA!$I$16)/(1+DATA!$I$16))*(1-AH35)*AG29) -> 0.0025232439 | AT15: 4 | AU15: 0.048779062 | AV15: 0.0026453113 | CB15: 1 | CC15: =CE6*IF(CE6>0,1,0) -> 0 | CD15: =CF6*IF(CF6>0,1,0) -> 0 | CE15: =CG6*IF(CG6>0,1,0) -> 0 | CF15: =CH6*IF(CH6>0,1,0) -> 0 | CG15: =CI6*IF(CI6>0,1,0) -> 0 | CK15: 0 | CL15: 0 | CM15: 0 | CN15: 0 | CO15: 0 | CP15: 0 | CQ15: 0 | CR15: 0 | CS15: 0 | CT15: 0 | CU15: 0
B16: 3 | C16: =C6+SIN(($B16-1)/POWER(10000,(2*$C$13/$G$4))) -> 4.2882251 | D16: =D6+COS(($B16-1)/POWER(10000,(2*$D$13/$G$4))) -> 1.4231692 | F16: =SIN(($B16-1)/POWER(10000,(2*$C$13/$G$4))) -> 0.90929743 | G16: =COS(($B16-1)/POWER(10000,(2*$D$13/$G$4))) -> -0.41614684 | J16: 1 | L16: 1 | N16: 1 | P16: 1 | Q16: 2 | R16: 3 | S16: 4 | T16: 5 | U16: 6 | W16: 1 | X16: 2 | Y16: 3 | Z16: 4 | AA16: 5 | AB16: 6 | AD16: 1 | AF16: 10 | AG16: =U56 -> 2.4612137 | AI16: 10 | AJ16: 0.469 | AK16: 0.365 | AL16: -0.207 | AN16: 3 | AO16: =-1/3*((2/(1+DATA!$I$16))*AH36*(1-AG30)-((2*DATA!$I$16)/(1+DATA!$I$16))*(1-AH36)*AG30) -> -0.34968111 | AT16: 5 | AU16: -0.042457448 | AV16: -0.072812201 | CB16: 2 | CC16: =CE7*IF(CE7>0,1,0) -> 0 | CD16: =CF7*IF(CF7>0,1,0) -> 0.076334272 | CE16: =CG7*IF(CG7>0,1,0) -> 0 | CF16: =CH7*IF(CH7>0,1,0) -> 0 | CG16: =CI7*IF(CI7>0,1,0) -> 0
B17: 4 | C17: =C7+SIN(($B17-1)/POWER(10000,(2*$C$13/$G$4))) -> 1.6505332 | D17: =D7+COS(($B17-1)/POWER(10000,(2*$D$13/$G$4))) -> -0.58497914 | F17: =SIN(($B17-1)/POWER(10000,(2*$C$13/$G$4))) -> 0.14112001 | G17: =COS(($B17-1)/POWER(10000,(2*$D$13/$G$4))) -> -0.9899925 | I17: 1 | J17: {=MMULT($C$14:$D$19,C31:C32)} -> -1.3850163 | L17: {=MMULT($C$14:$D$19,E31:E32)} -> 0.81249948 | N17: {=MMULT($C$14:$D$19,G31:G32)} -> 4.8634261 | P17: {=MMULT(_xlfn.ANCHORARRAY(J17),TRANSPOSE(_xlfn.ANCHORARRAY(L17)))/SQRT($G$2)} -> -1.125325 | Q17: -1.2404181 | R17: -1.3291235 | S17: -0.64022673 | T17: -1.321433 | U17: -0.55316466 | W17: {=EXP(P17)/SUM(EXP($P17:$U17))} -> 0.14439892 | X17: {=EXP(Q17)/SUM(EXP($P17:$U17))} -> 0.12870034 | Y17: {=EXP(R17)/SUM(EXP($P17:$U17))} -> 0.11777563 | Z17: {=EXP(S17)/SUM(EXP($P17:$U17))} -> 0.23455218 | AA17: {=EXP(T17)/SUM(EXP($P17:$U17))} -> 0.11868487 | AB17: {=EXP(U17)/SUM(EXP($P17:$U17))} -> 0.25588807 | AD17: {=MMULT(W17:AB22,_xlfn.ANCHORARRAY(N17))} -> 3.2185389 | AF17: 11 | AG17: =U57 -> 3.9825818 | AI17: 11 | AJ17: 0.241 | AK17: 0.486 | AL17: -0.006 | AT17: 6 | AU17: 0.36268612 | AV17: -0.041575193 | CB17: 3 | CC17: =CE8*IF(CE8>0,1,0) -> 0 | CD17: =CF8*IF(CF8>0,1,0) -> 0 | CE17: =CG8*IF(CG8>0,1,0) -> 0 | CF17: =CH8*IF(CH8>0,1,0) -> 0 | CG17: =CI8*IF(CI8>0,1,0) -> 0
B18: 5 | C18: =C8+SIN(($B18-1)/POWER(10000,(2*$C$13/$G$4))) -> 3.7630632 | D18: =D8+COS(($B18-1)/POWER(10000,(2*$D$13/$G$4))) -> -0.11662367 | F18: =SIN(($B18-1)/POWER(10000,(2*$C$13/$G$4))) -> -0.7568025 | G18: =COS(($B18-1)/POWER(10000,(2*$D$13/$G$4))) -> -0.65364362 | I18: 2 | J18: -1.6292051 | L18: 0.89559816 | N18: 4.39432 | P18: -1.3237283 | Q18: -1.4591131 | R18: -1.5634579 | S18: -0.75310351 | T18: -1.5544115 | U18: -0.65069175 | W18: {=EXP(P18)/SUM(EXP($P18:$U18))} -> 0.13920279 | X18: {=EXP(Q18)/SUM(EXP($P18:$U18))} -> 0.1215769 | Y18: {=EXP(R18)/SUM(EXP($P18:$U18))} -> 0.10953041 | Z18: {=EXP(S18)/SUM(EXP($P18:$U18))} -> 0.24630155 | AA18: {=EXP(T18)/SUM(EXP($P18:$U18))} -> 0.11052575 | AB18: {=EXP(U18)/SUM(EXP($P18:$U18))} -> 0.27286259 | AD18: 3.155182 | AF18: 12 | AG18: =U58 -> 2.0361131 | AI18: 12 | AJ18: -0.167 | AK18: -0.442 | AL18: 0.01 | CB18: 4 | CC18: =CE9*IF(CE9>0,1,0) -> 0 | CD18: =CF9*IF(CF9>0,1,0) -> 0 | CE18: =CG9*IF(CG9>0,1,0) -> 0 | CF18: =CH9*IF(CH9>0,1,0) -> 0.15659342 | CG18: =CI9*IF(CI9>0,1,0) -> 0
B19: 6 | C19: =C9+SIN(($B19-1)/POWER(10000,(2*$C$13/$G$4))) -> 2.0951464 | D19: =D9+COS(($B19-1)/POWER(10000,(2*$D$13/$G$4))) -> 1.542556 | F19: =SIN(($B19-1)/POWER(10000,(2*$C$13/$G$4))) -> -0.95892427 | G19: =COS(($B19-1)/POWER(10000,(2*$D$13/$G$4))) -> 0.28366219 | I19: 3 | J19: -1.7496513 | L19: 0.95964462 | N19: 4.6714513 | P19: -1.4215908 | Q19: -1.5669845 | R19: -1.6790435 | S19: -0.80878005 | T19: -1.6693284 | U19: -0.69879704 | W19: {=EXP(P19)/SUM(EXP($P19:$U19))} -> 0.13653634 | X19: {=EXP(Q19)/SUM(EXP($P19:$U19))} -> 0.11806049 | Y19: {=EXP(R19)/SUM(EXP($P19:$U19))} -> 0.10554508 | Z19: {=EXP(S19)/SUM(EXP($P19:$U19))} -> 0.25199307 | AA19: {=EXP(T19)/SUM(EXP($P19:$U19))} -> 0.10657546 | AB19: {=EXP(U19)/SUM(EXP($P19:$U19))} -> 0.28128956 | AD19: 3.1240655 | AO19: BOBOT | AP19: Pers 2.100 | AU19: RELU | AV19: Pers 2.72 | CB19: 5 | CC19: =CE10*IF(CE10>0,1,0) -> 0 | CD19: =CF10*IF(CF10>0,1,0) -> 0 | CE19: =CG10*IF(CG10>0,1,0) -> 0 | CF19: =CH10*IF(CH10>0,1,0) -> 0 | CG19: =CI10*IF(CI10>0,1,0) -> 0
I20: 4 | J20: -0.9430347 | L20: 0.46225212 | N20: 1.3052879 | P20: -0.76621521 | Q20: -0.84458014 | R20: -0.90497818 | S20: -0.43591979 | T20: -0.89974187 | U20: -0.37664067 | W20: {=EXP(P20)/SUM(EXP($P20:$U20))} -> 0.15295672 | X20: {=EXP(Q20)/SUM(EXP($P20:$U20))} -> 0.1414279 | Y20: {=EXP(R20)/SUM(EXP($P20:$U20))} -> 0.13313878 | Z20: {=EXP(S20)/SUM(EXP($P20:$U20))} -> 0.21282079 | AA20: {=EXP(T20)/SUM(EXP($P20:$U20))} -> 0.13383777 | AB20: {=EXP(U20)/SUM(EXP($P20:$U20))} -> 0.22581804 | AD20: 3.3328937 | AG20: OUTPUT | AH20: Pers 2.94 | AJ20: BIAS | AO20: 1 | AP20: 2 | AQ20: 3 | AU20: 1 | AV20: 2 | CB20: 6 | CC20: =CE11*IF(CE11>0,1,0) -> 0 | CD20: =CF11*IF(CF11>0,1,0) -> 0 | CE20: =CG11*IF(CG11>0,1,0) -> 0 | CF20: =CH11*IF(CH11>0,1,0) -> 0 | CG20: =CI11*IF(CI11>0,1,0) -> 0.11984531
I21: 5 | J21: -1.8603682 | L21: 0.954092 | N21: 3.5053634 | P21: -1.5115482 | Q21: -1.6661423 | R21: -1.7852923 | S21: -0.85995915 | T21: -1.7749624 | U21: -0.74301648 | W21: {=EXP(P21)/SUM(EXP($P21:$U21))} -> 0.13403213 | X21: {=EXP(Q21)/SUM(EXP($P21:$U21))} -> 0.11483375 | Y21: {=EXP(R21)/SUM(EXP($P21:$U21))} -> 0.10193501 | Z21: {=EXP(S21)/SUM(EXP($P21:$U21))} -> 0.25715232 | AA21: {=EXP(T21)/SUM(EXP($P21:$U21))} -> 0.10299344 | AB21: {=EXP(U21)/SUM(EXP($P21:$U21))} -> 0.28905335 | AD21: 3.0956021 | AG21: 1 | AJ21: 1 | AN21: 1 | AO21: {=AJ7:AJ18-$AG$39*$AO14*$AG$7:$AG$18} -> 0.0079751912 | AP21: {=AK7:AK18-$AG$39*$AO15*$AG$7:$AG$18} -> -0.67197207 | AQ21: {=AL7:AL18-$AG$39*$AO16*$AG$7:$AG$18} -> -0.64328613 | AT21: 1 | AU21: =AU12*IF(AU12>0,1,0) -> 0 | AV21: =AV12*IF(AV12>0,1,0) -> 0.020472557
I22: 6 | J22: -0.65320798 | L22: 0.39939216 | N22: 2.6509253 | P22: -0.53073115 | Q22: -0.58501187 | R22: -0.62684753 | S22: -0.30194678 | T22: -0.62322051 | U22: -0.26088615 | W22: {=EXP(P22)/SUM(EXP($P22:$U22))} -> 0.15787773 | X22: {=EXP(Q22)/SUM(EXP($P22:$U22))} -> 0.14953644 | Y22: {=EXP(R22)/SUM(EXP($P22:$U22))} -> 0.14340954 | Z22: {=EXP(S22)/SUM(EXP($P22:$U22))} -> 0.1984635 | AA22: {=EXP(T22)/SUM(EXP($P22:$U22))} -> 0.14393063 | AB22: {=EXP(U22)/SUM(EXP($P22:$U22))} -> 0.20678215 | AD22: 3.4066135 | AF22: 1 | AG22: {=TRANSPOSE(MMULT(TRANSPOSE(AG7:AG18),AJ7:AL18)+TRANSPOSE(AJ22:AJ24))} -> -0.47504988 | AI22: 1 | AJ22: 1 | AN22: 2 | AO22: -0.80591629 | AP22: -0.040952277 | AQ22: 1.1229703 | AT22: 2 | AU22: =AU13*IF(AU13>0,1,0) -> 0.018069867 | AV22: =AV13*IF(AV13>0,1,0) -> 0.0061636007 | CC22: KERNEL | CD22: Pers 2.13 | CH22: BIAS | CI22: Pers 2.14
C23: W1Q | E23: W1K | G23: W1V | AF23: 2 | AG23: -3.2707882 | AI23: 2 | AJ23: 1 | AN23: 3 | AO23: -0.47038198 | AP23: 0.3109756 | AQ23: 0.020965801 | AT23: 3 | AU23: =AU14*IF(AU14>0,1,0) -> 0 | AV23: =AV14*IF(AV14>0,1,0) -> 0 | CC23: 1 | CD23: 2 | CE23: 3 | CH23: 1
C24: 1 | E24: 1 | G24: 1 | J24: Pers 2.63 | M24: Pers 2.65 | AF24: 3 | AG24: -0.34351204 | AI24: 3 | AJ24: 1 | AN24: 4 | AO24: -0.19488712 | AP24: -0.20265806 | AQ24: 0.27719718 | AT24: 4 | AU24: =AU15*IF(AU15>0,1,0) -> 0.048779062 | AV24: =AV15*IF(AV15>0,1,0) -> 0.0026453113 | CB24: 1 | CC24: {=FRONTEND!$M7-$AG$39*SUM($CC$15:$CG$20*CM5:CQ10)} -> -0.47380885 | CD24: {=FRONTEND!$N7-$AG$39*SUM($CC$15:$CG$20*CN5:CR10)} -> 0.87734064 | CE24: {=FRONTEND!$O7-$AG$39*SUM($CC$15:$CG$20*CO5:CS10)} -> -0.4971398 | CG24: 1 | CH24: =FRONTEND!$W7-$AG$39*SUM(CA85:CA90) -> 1.0064928
B25: 1 | C25: -0.862 | E25: 0.409 | G25: -0.052 | J25: CONCATENATE | M25: O_MHA | AN25: 5 | AO25: -0.40208547 | AP25: -0.1861976 | AQ25: 0.33896852 | AT25: 5 | AU25: =AU16*IF(AU16>0,1,0) -> 0 | AV25: =AV16*IF(AV16>0,1,0) -> 0 | CB25: 2 | CC25: {=FRONTEND!$M8-$AG$39*SUM($CC$15:$CG$20*CM6:CQ11)} -> 0.10565938 | CD25: {=FRONTEND!$N8-$AG$39*SUM($CC$15:$CG$20*CN6:CR11)} -> -0.20136266 | CE25: {=FRONTEND!$O8-$AG$39*SUM($CC$15:$CG$20*CO6:CS11)} -> -0.74032551
B26: 2 | C26: 0.88 | E26: -0.728 | G26: -0.648 | J26: 1 | K26: 2 | M26: 1 | N26: 2 | AG26: OUTPUT SIGMOID | AI26: Pers 2.95 | AN26: 6 | AO26: 0.67835148 | AP26: 0.89127183 | AQ26: 0.85791213 | AT26: 6 | AU26: =AU17*IF(AU17>0,1,0) -> 0.36268612 | AV26: =AV17*IF(AV17>0,1,0) -> 0 | CB26: 3 | CC26: {=FRONTEND!$M9-$AG$39*SUM($CC$15:$CG$20*CM7:CQ12)} -> 0.74416945 | CD26: {=FRONTEND!$N9-$AG$39*SUM($CC$15:$CG$20*CN7:CR12)} -> 0.80877858 | CE26: {=FRONTEND!$O9-$AG$39*SUM($CC$15:$CG$20*CO7:CS12)} -> -0.97506492
I27: 1 | J27: {=_xlfn.ANCHORARRAY(AD7)} -> -1.2059823 | K27: {=_xlfn.ANCHORARRAY(AD17)} -> 3.2185389 | M27: {=C14:D19+MMULT(J27:K32,C36:D37)} -> 6.3200031 | N27: 5.0443997 | AG27: 1 | AN27: 7 | AO27: -0.086522544 | AP27: -0.86384542 | AQ27: 0.3691622 | CB27: 4 | CC27: {=FRONTEND!$M10-$AG$39*SUM($CC$15:$CG$20*CM8:CQ13)} -> 0.77853288 | CD27: {=FRONTEND!$N10-$AG$39*SUM($CC$15:$CG$20*CN8:CR13)} -> 0.49212607 | CE27: {=FRONTEND!$O10-$AG$39*SUM($CC$15:$CG$20*CO8:CS13)} -> -0.93613619
I28: 2 | J28: -1.3104404 | K28: 3.155182 | M28: 6.3232622 | N28: 3.9501573 | AF28: 1 | AG28: =1/(1+EXP(-AG22)) -> 0.3834217 | AH28: gembira | AN28: 8 | AO28: 0.6855668 | AP28: 0.18406496 | AQ28: -0.37841791 | AU28: W1 | AV28: Pers 2.73 | AX28: b1 | AY28: Pers 2.74 | CB28: 5 | CC28: {=FRONTEND!$M11-$AG$39*SUM($CC$15:$CG$20*CM9:CQ14)} -> 0.40262941 | CD28: {=FRONTEND!$N11-$AG$39*SUM($CC$15:$CG$20*CN9:CR14)} -> -0.43892018 | CE28: {=FRONTEND!$O11-$AG$39*SUM($CC$15:$CG$20*CO9:CS14)} -> 0.28631226
C29: W2Q | E29: W2K | G29: W2V | I29: 3 | J29: -1.3207715 | K29: 3.1240655 | M29: 6.5825217 | N29: 3.9747452 | AF29: 2 | AG29: =1/(1+EXP(-AG23)) -> 0.036587036 | AH29: sedih | AN29: 9 | AO29: 1.1339378 | AP29: -0.94798551 | AQ29: -0.76842386 | AU29: 1 | AV29: 2 | AX29: 1 | AY29: 2
C30: 1 | E30: 1 | G30: 1 | I30: 4 | J30: -1.2860236 | K30: 3.3328937 | M30: 4.0398736 | N30: 2.1287907 | AF30: 3 | AG30: =1/(1+EXP(-AG24)) -> 0.41495661 | AH30: tegang | AN30: 10 | AO30: 0.559703 | AP30: 0.36437898 | AQ30: -0.12093601 | AT30: 1 | AU30: {=C42:D43-$AG$39*MMULT(TRANSPOSE(_xlfn.ANCHORARRAY($M$27)),AU21:AV26)} -> -0.6639726 | AV30: 0.23309526 | AX30: =F47-AG39*SUM(AU21:AU26) -> 0.9570465 | AY30: =G47-AG39*SUM(AV21:AV26) -> 0.99707185
B31: 1 | C31: -0.487 | E31: 0.251 | G31: 0.945 | I31: 5 | J31: -1.3399991 | K31: 3.0956021 | M31: 6.0512743 | N31: 2.4138307 | AN31: 11 | AO31: 0.38776991 | AP31: 0.4849951 | AQ31: 0.13326336 | AT31: 2 | AU31: 0.77175095 | AV31: 0.22467497 | CC31: FRONT-END
B32: 2 | C32: 0.238 | E32: -0.082 | G32: 0.435 | I32: 6 | J32: -0.98159934 | K32: 3.4066135 | M32: 4.3795562 | N32: 4.2937163 | AG32: LOSS | AI32: Pers 2.122 | AN32: 12 | AO32: -0.091963214 | AP32: -0.44251376 | AQ32: 0.081199028 | CC32: KONVOLUSI HORIZONTAL | CK32: 0 | CL32: 0 | CM32: 0
M33: (termasuk residual) | AG33: 1 | AH33: t_n | AU33: L wrt O_MHA | AW33: Pers 2.75 | CC33: KE RELU | CD33: Pers 2.17 | CK33: 0 | CL33: {=FRONTEND!$B$26:$B$31} -> 0.36548104 | CM33: 0
C34: WO | AF34: n=1 | AG34: =((2/(1+DATA!$I$16))*AH34*LN(AG28)+((2*DATA!$I$16)/(1+DATA!$I$16))*(1-AH34)*LN(1-AG28)) -> -1.7189045 | AH34: 1 | AO34: BIAS | AP34: Pers 2.101 | AU34: 1 | AV34: 2 | CC34: 1 | CK34: 0 | CL34: -0.24318937 | CM34: 0
C35: 1 | D35: 2 | J35: POSITION-WISE FFN | AF35: 2 | AG35: =((2/(1+DATA!$I$17))*AH35*LN(AG29)+((2*DATA!$I$17)/(1+DATA!$I$17))*(1-AH35)*LN(1-AG29)) -> -0.028398574 | AH35: 0 | AO35: 1 | AT35: 1 | AU35: {=AO75:AP80+MMULT(AU21:AV26,TRANSPOSE(C42:D43))} -> -0.0013143837 | AV35: 0.31816124 | CB35: 1 | CC35: =CB85*IF(CB85>0,1,0) -> 0.33708155 | CK35: 0 | CL35: 0.086633902 | CM35: 0
B36: 1 | C36: -0.474 | D36: -0.068 | J36: LAYER 1 | K36: Pers 2.66 | M36: RELU | N36: Pers 2.66 | AF36: 3 | AG36: =((2/(1+DATA!$I$18))*AH36*LN(AG30)+((2*DATA!$I$18)/(1+DATA!$I$18))*(1-AH36)*LN(1-AG30)) -> -1.3860069 | AH36: 1 | AN36: 1 | AO36: =AJ22-$AG$39*$AO14 -> 1.036853 | AT36: 2 | AU36: -0.01750149 | AV36: 0.006433999 | CB36: 2 | CC36: =CB86*IF(CB86>0,1,0) -> 0 | CK36: 0 | CL36: -0.8436868 | CM36: 0
B37: 2 | C37: 0.534 | D37: 0.788 | J37: 1 | K37: 2 | M37: 1 | N37: 2 | AF37: avg | AG37: =-1*SUM(AG34:AG36)/3 -> 1.0444367 | AN37: 2 | AO37: =AJ23-$AG$39*$AO15 -> 0.99974768 | AT37: 3 | AU37: 0.2462008 | AV37: -0.025386187 | CB37: 3 | CC37: =CB87*IF(CB87>0,1,0) -> 0.40812748 | CK37: 0 | CL37: 0.17422067 | CM37: 0
I38: 1 | J38: {=MMULT(M27:N27,$C$42:$D$43)+$F$42:$G$42} -> 2.7712763 | K38: 3.7868879 | M38: =MAX(0,J38) -> 2.7712763 | N38: =MAX(0,K38) -> 3.7868879 | AN38: 3 | AO38: =AJ24-$AG$39*$AO16 -> 1.0349681 | AT38: 4 | AU38: -0.030533277 | AV38: -0.0030418968 | CB38: 4 | CC38: =CB88*IF(CB88>0,1,0) -> 0 | CK38: 0 | CL38: 0.46054055 | CM38: 0
I39: 2 | J39: {=MMULT(M28:N28,$C$42:$D$43)+$F$42:$G$42} -> 1.7356724 | K39: 3.5272762 | M39: =MAX(0,J39) -> 1.7356724 | N39: =MAX(0,K39) -> 3.5272762 | AF39: lr= | AG39: 0.1 | AT39: 5 | AU39: 0.1089343 | AV39: -0.04274562 | CB39: 5 | CC39: =CB89*IF(CB89>0,1,0) -> 0.22778233 | CK39: 0 | CL39: 0 | CM39: 0
C40: W1 | F40: b1 | I40: 3 | J40: {=MMULT(M29:N29,$C$42:$D$43)+$F$42:$G$42} -> 1.636019 | K40: 3.5982023 | M40: =MAX(0,J40) -> 1.636019 | N40: =MAX(0,K40) -> 3.5982023 | AO40: KE POOLING | AT40: 6 | AU40: -0.14344704 | AV40: -0.10205221 | CB40: 6 | CC40: =CB90*IF(CB90>0,1,0) -> 0
C41: 1 | D41: 2 | F41: 1 | G41: 2 | I41: 4 | J41: {=MMULT(M30:N30,$C$42:$D$43)+$F$42:$G$42} -> 1.0968071 | K41: 2.5206605 | M41: =MAX(0,J41) -> 1.0968071 | N41: =MAX(0,K41) -> 2.5206605 | AO41: 1 | AP41: Pers 2.102
B42: 1 | C42: -0.474 | D42: 0.251 | F42: 1 | G42: 1 | I42: 5 | J42: {=MMULT(M31:N31,$C$42:$D$43)+$F$42:$G$42} -> 0.41276603 | K42: 3.0933616 | M42: =MAX(0,J42) -> 0.41276603 | N42: =MAX(0,K42) -> 3.0933616 | AN42: 1 | AO42: {=SUM(MMULT(TRANSPOSE($AO$14:$AO$16),TRANSPOSE(AJ7:AL7)))} -> 0.31974176 | CC42: KERNEL | CD42: Pers 2.18 | CF42: BIAS | CG42: Pers 2.19
B43: 2 | C43: 0.945 | D43: 0.238 | I43: 6 | J43: {=MMULT(M32:N32,$C$42:$D$43)+$F$42:$G$42} -> 2.9816522 | K43: 3.1211731 | M43: =MAX(0,J43) -> 2.9816522 | N43: =MAX(0,K43) -> 3.1211731 | AN43: 2 | AO43: {=SUM(MMULT(TRANSPOSE($AO$14:$AO$16),TRANSPOSE(AJ8:AL8)))} -> 0.0016255263 | AU43: BACKPROPAGATION | CC43: 1 | CF43: 1
P44: Pers 2.93 | R44: Pers 2.93 | U44: Pers 2.93 | AN44: 3 | AO44: {=SUM(MMULT(TRANSPOSE($AO$14:$AO$16),TRANSPOSE(AJ9:AL9)))} -> 0.27158699 | AU44: MHA | CB44: 1 | CC44: {=FRONTEND!T7-$AG39*SUM($CC$35:$CC$40*CL32:CL37)} -> 0.15114292 | CE44: 1 | CF44: =FRONTEND!$W7-$AG$39*SUM(CB85:CB90) -> 0.93773775
C45: W2 | F45: b2 | J45: LAYER 2 | K45: Pers 2.66 | M45: O_Attn | N45: Pers 2.66 | P45: MAX-POOLING | R45: MEAN-POOLING | U45: FLATTEN | AN45: 4 | AO45: {=SUM(MMULT(TRANSPOSE($AO$14:$AO$16),TRANSPOSE(AJ10:AL10)))} -> 0.04169172 | CB45: 2 | CC45: {=FRONTEND!T8-$AG40*SUM($CC$35:$CC$40*CL33:CL38)} -> 0.516
C46: 1 | D46: 2 | F46: 1 | G46: 2 | J46: 1 | K46: 2 | M46: 1 | N46: 2 | P46: 1 | R46: 1 | U46: 1 | AN46: 5 | AO46: {=SUM(MMULT(TRANSPOSE($AO$14:$AO$16),TRANSPOSE(AJ11:AL11)))} -> 0.15167992 | AU46: WO | AV46: Pers 2.76 | CB46: 3 | CC46: {=FRONTEND!T9-$AG41*SUM($CC$35:$CC$40*CL34:CL39)} -> -0.977
B47: 1 | C47: -0.728 | D47: -0.862 | F47: 1 | G47: 1 | I47: 1 | J47: {=MMULT(M38:N38,$C$47:$D$48)+$F$47:$G$47} -> -3.4713925 | K47: -1.191922 | M47: =M27+J47 -> 2.8486106 | N47: =N27+K47 -> 3.8524777 | P47: =MAX(M47:N47) -> 3.8524777 | R47: =AVERAGE(M47:N47) -> 3.3505442 | T47: 1 | U47: {=P47:P52} -> 3.8524777 | AN47: 6 | AO47: {=SUM(MMULT(TRANSPOSE($AO$14:$AO$16),TRANSPOSE(AJ12:AL12)))} -> -0.47325677 | AU47: 1 | AV47: 2
B48: 2 | C48: -0.648 | D48: 0.052 | I48: 2 | J48: {=MMULT(M39:N39,$C$47:$D$48)+$F$47:$G$47} -> -2.5492445 | K48: -0.31273124 | M48: =M28+J48 -> 3.7740177 | N48: =N28+K48 -> 3.6374261 | P48: =MAX(M48:N48) -> 3.7740177 | R48: =AVERAGE(M48:N48) -> 3.7057219 | T48: 2 | U48: 3.7740177 | AN48: 7 | AO48: {=SUM(MMULT(TRANSPOSE($AO$14:$AO$16),TRANSPOSE(AJ13:AL13)))} -> -0.012905991 | AT48: 1 | AU48: {=C36:D37-$AG$39*MMULT(TRANSPOSE(J27:K32),_xlfn.ANCHORARRAY(AU35))} -> -0.4473447 | AV48: -0.048276659
I49: 3 | J49: {=MMULT(M40:N40,$C$47:$D$48)+$F$47:$G$47} -> -2.5226569 | K49: -0.22314182 | M49: =M29+J49 -> 4.0598648 | N49: =N29+K49 -> 3.7516034 | P49: =MAX(M49:N49) -> 4.0598648 | R49: =AVERAGE(M49:N49) -> 3.9057341 | T49: 3 | U49: 4.0598648 | AN49: 8 | AO49: {=SUM(MMULT(TRANSPOSE($AO$14:$AO$16),TRANSPOSE(AJ14:AL14)))} -> -0.024217925 | AT49: 2 | AU49: 0.48835189 | AV49: 0.74051076
I50: 4 | J50: {=MMULT(M41:N41,$C$47:$D$48)+$F$47:$G$47} -> -1.4318635 | K50: 0.18562662 | M50: =M30+J50 -> 2.6080101 | N50: =N30+K50 -> 2.3144173 | P50: =MAX(M50:N50) -> 2.6080101 | R50: =AVERAGE(M50:N50) -> 2.4612137 | T50: 4 | U50: 2.6080101 | AN50: 9 | AO50: {=SUM(MMULT(TRANSPOSE($AO$14:$AO$16),TRANSPOSE(AJ15:AL15)))} -> -0.050772373
I51: 5 | J51: {=MMULT(M42:N42,$C$47:$D$48)+$F$47:$G$47} -> -1.304992 | K51: 0.80505048 | M51: =M31+J51 -> 4.7462823 | N51: =N31+K51 -> 3.2188812 | P51: =MAX(M51:N51) -> 4.7462823 | R51: =AVERAGE(M51:N51) -> 3.9825818 | T51: 5 | U51: 4.7462823 | AN51: 10 | AO51: {=SUM(MMULT(TRANSPOSE($AO$14:$AO$16),TRANSPOSE(AJ16:AL16)))} -> -0.099535389 | AU51: L wrt C_h | AV51: Pers 2.78
I52: 6 | J52: {=MMULT(M43:N43,$C$47:$D$48)+$F$47:$G$47} -> -3.193163 | K52: -1.4078832 | M52: =M32+J52 -> 1.1863932 | N52: =N32+K52 -> 2.885833 | P52: =MAX(M52:N52) -> 2.885833 | R52: =AVERAGE(M52:N52) -> 2.0361131 | T52: 6 | U52: 2.885833 | AN52: 11 | AO52: {=SUM(MMULT(TRANSPOSE($AO$14:$AO$16),TRANSPOSE(AJ17:AL17)))} -> -0.08549124 | AU52: 1 | AV52: 2
M53: (termasuk residual) | T53: 7 | U53: {=R47:R52} -> 3.3505442 | AN53: 12 | AO53: {=SUM(MMULT(TRANSPOSE($AO$14:$AO$16),TRANSPOSE(AJ18:AL18)))} -> 0.056932351 | AT53: 1 | AU53: {=MMULT(_xlfn.ANCHORARRAY(AU35),TRANSPOSE(C36:D37))} -> -0.021011946 | AV53: 0.25000917
T54: 8 | U54: 3.7057219 | AT54: 2 | AU54: 0.0078581942 | AV54: -0.0042758042
T55: 9 | U55: 3.9057341 | AN55: Pers 2.104 | AO55: MAX-POOLING | AQ55: HASIL | AT55: 3 | AU55: -0.11497292 | AV55: 0.11146691 | BT55: Pers 2.91
T56: 10 | U56: 2.4612137 | AO56: 1 | AP56: argmax | AQ56: 1 | AR56: 2 | AT56: 4 | AU56: 0.014679622 | AV56: -0.018701784
T57: 11 | U57: 3.9825818 | AN57: 1 | AO57: =AO42 -> 0.31974176 | AP57: =MATCH(MAX(M47:N47),M47:N47,0) -> 2 | AQ57: =IF($AP57=AQ$56,$AO57,0) -> 0 | AR57: =IF($AP57=AR$56,$AO57,0) -> 0.31974176 | AT57: 5 | AU57: -0.048728157 | AV57: 0.024487369
T58: 12 | U58: 2.0361131 | AN58: 2 | AO58: =AO43 -> 0.0016255263 | AP58: =MATCH(MAX(M48:N48),M48:N48,0) -> 1 | AQ58: =IF($AP58=AQ$56,$AO58,0) -> 0.0016255263 | AR58: =IF($AP58=AR$56,$AO58,0) -> 0 | AT58: 6 | AU58: 0.074933449 | AV58: -0.15701787
AN59: 3 | AO59: =AO44 -> 0.27158699 | AP59: =MATCH(MAX(M49:N49),M49:N49,0) -> 1 | AQ59: =IF($AP59=AQ$56,$AO59,0) -> 0.27158699 | AR59: =IF($AP59=AR$56,$AO59,0) -> 0
AN60: 4 | AO60: =AO45 -> 0.04169172 | AP60: =MATCH(MAX(M50:N50),M50:N50,0) -> 1 | AQ60: =IF($AP60=AQ$56,$AO60,0) -> 0.04169172 | AR60: =IF($AP60=AR$56,$AO60,0) -> 0 | BK60: head_1 | BX60: Pers 2.91
AN61: 5 | AO61: =AO46 -> 0.15167992 | AP61: =MATCH(MAX(M51:N51),M51:N51,0) -> 1 | AQ61: =IF($AP61=AQ$56,$AO61,0) -> 0.15167992 | AR61: =IF($AP61=AR$56,$AO61,0) -> 0 | AU61: head_1 | BD61: Pers 2.84 | BK61: Pers 2.86 | BL61: Pers 2.87 | BM61: Pers 2.88 | BN61: Pers 2.89 | BO61: Pers 2.90 | BX61: head_1
AN62: 6 | AO62: =AO47 -> -0.47325677 | AP62: =MATCH(MAX(M52:N52),M52:N52,0) -> 2 | AQ62: =IF($AP62=AQ$56,$AO62,0) -> 0 | AR62: =IF($AP62=AR$56,$AO62,0) -> -0.47325677 | AT62: Pers 2.82 | AU62: L wrt V | AW62: L wrt s_Attn(i) | AY62: Pers 2.83 | BD62: L wrt z_Attn(i) | BF62: =ROW(AW64) -> 64 | BG62: =COLUMN(AW64) -> 49 | BH62: =IF($BF$62>$BG$62,$BF$62-$BG$62,0) -> 15 | BI62: =IF($BF$62<$BG$62,$BG$62-$BF$62,0) -> 0 | BK62: L wrt K | BL62: L wrt Q | BM62: L wrt WQ | BN62: L wrt WK | BO62: L wrt WV | BQ62: term1 | BS62: term2 | BU62: term3 | BX62: SUM
AU63: 1 | AW63: 1 | AX63: 2 | AY63: 3 | AZ63: 4 | BA63: 5 | BB63: 6 | BD63: 1 | BE63: 2 | BF63: 3 | BG63: 4 | BH63: 5 | BI63: 6 | BK63: 1 | BL63: 1 | BM63: 1 | BN63: 1 | BO63: 1 | BQ63: 1 | BR63: 2 | BS63: 1 | BT63: 2 | BU63: 1 | BV63: 2 | BX63: 1 | BY63: 2
AN64: Pers 2.104 | AO64: MEAN-POOLING | AQ64: k= | AT64: 1 | AU64: {=MMULT(TRANSPOSE(W7:AB12),AU53:AU58)} -> -0.040718991 | AW64: {=MMULT(AU53:AU58,TRANSPOSE(_xlfn.ANCHORARRAY(N7)))} -> 0.037437197 | AX64: 0.023107759 | AY64: 0.024062909 | AZ64: -0.006161517 | BA64: 0.0025236849 | BB64: 0.023292245 | BD64: {=SUM($AW64:$BB64*$W7:$AB7*(IF((ROW(AW64)-$BH$62)=(COLUMN(AW64)-$BI$62),1,0)-W7))} -> 0.017420572 | BE64: {=SUM($AW64:$BB64*$W7:$AB7*(IF((ROW(AX64)-$BH$62)=(COLUMN(AX64)-$BI$62),1,0)-X7))} -> -0.0028621305 | BF64: {=SUM($AW64:$BB64*$W7:$AB7*(IF((ROW(AY64)-$BH$62)=(COLUMN(AY64)-$BI$62),1,0)-Y7))} -> -0.0025867051 | BG64: {=SUM($AW64:$BB64*$W7:$AB7*(IF((ROW(AZ64)-$BH$62)=(COLUMN(AZ64)-$BI$62),1,0)-Z7))} -> -0.001548942 | BH64: {=SUM($AW64:$BB64*$W7:$AB7*(IF((ROW(BA64)-$BH$62)=(COLUMN(BA64)-$BI$62),1,0)-AA7))} -> -0.00076907807 | BI64: {=SUM($AW64:$BB64*$W7:$AB7*(IF((ROW(BB64)-$BH$62)=(COLUMN(BB64)-$BI$62),1,0)-AB7))} -> -0.009653716 | BK64: {=(1/SQRT($G$2))*MMULT(TRANSPOSE($BD$64:$BI$69),_xlfn.ANCHORARRAY($J$7))} -> 0.15968616 | BL64: {=(1/SQRT($G$2))*MMULT($BD$64:$BI$69,_xlfn.ANCHORARRAY(L7))} -> -0.0061385073 | BM64: {=C25:C26-$AG$39*MMULT(TRANSPOSE(_xlfn.ANCHORARRAY($C$4)),_xlfn.ANCHORARRAY($BL$64))} -> -0.9632366 | BN64: {=E25:E26-$AG$39*MMULT(TRANSPOSE(_xlfn.ANCHORARRAY($C$4)),_xlfn.ANCHORARRAY($BK$64))} -> 0.44284116 | BO64: {=G25:G26-$AG$39*MMULT(TRANSPOSE(_xlfn.ANCHORARRAY($C$4)),_xlfn.ANCHORARRAY($AU$64))} -> -0.021505725 | BQ64: {=MMULT(_xlfn.ANCHORARRAY(BL64),TRANSPOSE(C25:C26))} -> 0.0052913933 | BR64: -0.0054018864 | BS64: {=MMULT(_xlfn.ANCHORARRAY(BK64),TRANSPOSE(E25:E26))} -> 0.065311641 | BT64: -0.11625153 | BU64: {=MMULT(_xlfn.ANCHORARRAY(AU64),TRANSPOSE(G25:G26))} -> 0.0021173875 | BV64: 0.026385906 | BX64: {=_xlfn.ANCHORARRAY(BQ64)+_xlfn.ANCHORARRAY(BS64)+_xlfn.ANCHORARRAY(BU64)} -> 0.072720422 | BY64: -0.095267508
AO65: 1 | AP65: 2 | AQ65: 2 | AT65: 2 | AU65: 0.0033252096 | AW65: -0.014001024 | AX65: -0.0086420007 | AY65: -0.0089992143 | AZ65: 0.0023043271 | BA65: -0.00094382529 | BB65: -0.0087109962 | BD65: {=SUM($AW65:$BB65*$W8:$AB8*(IF((ROW(AW65)-$BH$62)=(COLUMN(AW65)-$BI$62),1,0)-W8))} -> 0.0036622687 | BE65: {=SUM($AW65:$BB65*$W8:$AB8*(IF((ROW(AX65)-$BH$62)=(COLUMN(AX65)-$BI$62),1,0)-X8))} -> -0.0096373879 | BF65: {=SUM($AW65:$BB65*$W8:$AB8*(IF((ROW(AY65)-$BH$62)=(COLUMN(AY65)-$BI$62),1,0)-Y8))} -> 0.00055690369 | BG65: {=SUM($AW65:$BB65*$W8:$AB8*(IF((ROW(AZ65)-$BH$62)=(COLUMN(AZ65)-$BI$62),1,0)-Z8))} -> 0.00023491028 | BH65: {=SUM($AW65:$BB65*$W8:$AB8*(IF((ROW(BA65)-$BH$62)=(COLUMN(BA65)-$BI$62),1,0)-AA8))} -> 7.2291483e-05 | BI65: {=SUM($AW65:$BB65*$W8:$AB8*(IF((ROW(BB65)-$BH$62)=(COLUMN(BB65)-$BI$62),1,0)-AB8))} -> 0.0051110137 | BK65: 0.044331239 | BL65: -0.0072060834 | BM65: 0.84732049 | BN65: -0.72056643 | BO65: -0.63540606 | BQ65: 0.0062116439 | BR65: -0.0063413534 | BS65: 0.018131477 | BT65: -0.032273142 | BU65: -0.0001729109 | BV65: -0.0021547358 | BX65: 0.02417021 | BY65: -0.040769231
AN66: 1 | AO66: =$AO48*1/$AQ$65 -> -0.0064529955 | AP66: =$AO48*1/$AQ$65 -> -0.0064529955 | AT66: 3 | AU66: 0.0043123733 | AW66: 0.20484841 | AX66: 0.12644076 | AY66: 0.13166714 | AZ66: -0.033714516 | BA66: 0.01380907 | BB66: 0.12745023 | BD66: {=SUM($AW66:$BB66*$W9:$AB9*(IF((ROW(AW66)-$BH$62)=(COLUMN(AW66)-$BI$62),1,0)-W9))} -> -0.054503593 | BE66: {=SUM($AW66:$BB66*$W9:$AB9*(IF((ROW(AX66)-$BH$62)=(COLUMN(AX66)-$BI$62),1,0)-X9))} -> -0.0084987235 | BF66: {=SUM($AW66:$BB66*$W9:$AB9*(IF((ROW(AY66)-$BH$62)=(COLUMN(AY66)-$BI$62),1,0)-Y9))} -> 0.14478786 | BG66: {=SUM($AW66:$BB66*$W9:$AB9*(IF((ROW(AZ66)-$BH$62)=(COLUMN(AZ66)-$BI$62),1,0)-Z9))} -> -0.0027698888 | BH66: {=SUM($AW66:$BB66*$W9:$AB9*(IF((ROW(BA66)-$BH$62)=(COLUMN(BA66)-$BI$62),1,0)-AA9))} -> -0.0007713691 | BI66: {=SUM($AW66:$BB66*$W9:$AB9*(IF((ROW(BB66)-$BH$62)=(COLUMN(BB66)-$BI$62),1,0)-AB9))} -> -0.078244285 | BK66: -0.35444797 | BL66: 0.12142745 | BQ66: -0.10467046 | BR66: 0.10685616 | BS66: -0.14496922 | BT66: 0.25803812 | BU66: -0.00022424341 | BV66: -0.0027944179 | BX66: -0.24986393 | BY66: 0.36209986
AN67: 2 | AO67: =$AO49*1/$AQ$65 -> -0.012108963 | AP67: =$AO49*1/$AQ$65 -> -0.012108963 | AT67: 4 | AU67: 0.0066127851 | AW67: -0.026154831 | AX67: -0.016143824 | AY67: -0.016811123 | AZ67: 0.0043046342 | BA67: -0.0017631276 | BB67: -0.016272712 | BD67: {=SUM($AW67:$BB67*$W10:$AB10*(IF((ROW(AW67)-$BH$62)=(COLUMN(AW67)-$BI$62),1,0)-W10))} -> 0.0065378966 | BE67: {=SUM($AW67:$BB67*$W10:$AB10*(IF((ROW(AX67)-$BH$62)=(COLUMN(AX67)-$BI$62),1,0)-X10))} -> 0.0014984018 | BF67: {=SUM($AW67:$BB67*$W10:$AB10*(IF((ROW(AY67)-$BH$62)=(COLUMN(AY67)-$BI$62),1,0)-Y10))} -> 0.0012942582 | BG67: {=SUM($AW67:$BB67*$W10:$AB10*(IF((ROW(AZ67)-$BH$62)=(COLUMN(AZ67)-$BI$62),1,0)-Z10))} -> -0.018262252 | BH67: {=SUM($AW67:$BB67*$W10:$AB10*(IF((ROW(BA67)-$BH$62)=(COLUMN(BA67)-$BI$62),1,0)-AA10))} -> 0.00022361722 | BI67: {=SUM($AW67:$BB67*$W10:$AB10*(IF((ROW(BB67)-$BH$62)=(COLUMN(BB67)-$BI$62),1,0)-AB10))} -> 0.0087080788 | BK67: 0.04077745 | BL67: -0.020940241 | BQ67: 0.018050487 | BR67: -0.018427412 | BS67: 0.016677977 | BT67: -0.029685984 | BU67: -0.00034386482 | BV67: -0.0042850847 | BX67: 0.0343846 | BY67: -0.05239848
AN68: 3 | AO68: =$AO50*1/$AQ$65 -> -0.025386187 | AP68: =$AO50*1/$AQ$65 -> -0.025386187 | AT68: 5 | AU68: 0.0065725218 | AW68: 0.08681945 | AX68: 0.053588491 | AY68: 0.05580355 | AZ68: -0.014288984 | BA68: 0.0058526 | BB68: 0.054016328 | BD68: {=SUM($AW68:$BB68*$W11:$AB11*(IF((ROW(AW68)-$BH$62)=(COLUMN(AW68)-$BI$62),1,0)-W11))} -> -0.02332044 | BE68: {=SUM($AW68:$BB68*$W11:$AB11*(IF((ROW(AX68)-$BH$62)=(COLUMN(AX68)-$BI$62),1,0)-X11))} -> -0.0018310528 | BF68: {=SUM($AW68:$BB68*$W11:$AB11*(IF((ROW(AY68)-$BH$62)=(COLUMN(AY68)-$BI$62),1,0)-Y11))} -> -0.0014218133 | BG68: {=SUM($AW68:$BB68*$W11:$AB11*(IF((ROW(AZ68)-$BH$62)=(COLUMN(AZ68)-$BI$62),1,0)-Z11))} -> -0.00039450549 | BH68: {=SUM($AW68:$BB68*$W11:$AB11*(IF((ROW(BA68)-$BH$62)=(COLUMN(BA68)-$BI$62),1,0)-AA11))} -> 0.065227158 | BI68: {=SUM($AW68:$BB68*$W11:$AB11*(IF((ROW(BB68)-$BH$62)=(COLUMN(BB68)-$BI$62),1,0)-AB11))} -> -0.038259346 | BK68: -0.21931048 | BL68: 0.116232 | BQ68: -0.10019198 | BR68: 0.10228416 | BS68: -0.089697987 | BT68: 0.15965803 | BU68: -0.00034177114 | BV68: -0.0042589941 | BX68: -0.19023174 | BY68: 0.2576832
AN69: 4 | AO69: =$AO51*1/$AQ$65 -> -0.049767695 | AP69: =$AO51*1/$AQ$65 -> -0.049767695 | AT69: 6 | AU69: -0.067345657 | AW69: -0.13350968 | AX69: -0.0824076 | AY69: -0.085813885 | AZ69: 0.021973391 | BA69: -0.0090000429 | BB69: -0.083065521 | BD69: {=SUM($AW69:$BB69*$W12:$AB12*(IF((ROW(AW69)-$BH$62)=(COLUMN(AW69)-$BI$62),1,0)-W12))} -> 0.016332968 | BE69: {=SUM($AW69:$BB69*$W12:$AB12*(IF((ROW(AX69)-$BH$62)=(COLUMN(AX69)-$BI$62),1,0)-X12))} -> 0.011612896 | BF69: {=SUM($AW69:$BB69*$W12:$AB12*(IF((ROW(AY69)-$BH$62)=(COLUMN(AY69)-$BI$62),1,0)-Y12))} -> 0.011225729 | BG69: {=SUM($AW69:$BB69*$W12:$AB12*(IF((ROW(AZ69)-$BH$62)=(COLUMN(AZ69)-$BI$62),1,0)-Z12))} -> 0.0094532182 | BH69: {=SUM($AW69:$BB69*$W12:$AB12*(IF((ROW(BA69)-$BH$62)=(COLUMN(BA69)-$BI$62),1,0)-AA12))} -> 0.0074762171 | BI69: {=SUM($AW69:$BB69*$W12:$AB12*(IF((ROW(BB69)-$BH$62)=(COLUMN(BB69)-$BI$62),1,0)-AB12))} -> -0.056101029 | BK69: 0.3289636 | BL69: 0.051062002 | BQ69: -0.044015446 | BR69: 0.044934562 | BS69: 0.13454611 | BT69: -0.2394855 | BU69: 0.0035019742 | BV69: 0.043639986 | BX69: 0.09403264 | BY69: -0.15091095
AN70: 5 | AO70: =$AO52*1/$AQ$65 -> -0.04274562 | AP70: =$AO52*1/$AQ$65 -> -0.04274562
AN71: 6 | AO71: =$AO53*1/$AQ$65 -> 0.028466176 | AP71: =$AO53*1/$AQ$65 -> 0.028466176 | BK71: head_2 | BX71: Pers 2.91
AU72: head_2 | BD72: Pers 2.84 | BK72: Pers 2.86 | BL72: Pers 2.87 | BM72: Pers 2.88 | BN72: Pers 2.89 | BO72: Pers 2.90 | BX72: head_2
AO73: KE BACK-END | AQ73: Pers 2.104 | AT73: Pers 2.82 | AU73: L wrt V | AW73: L wrt s_Attn(i) | AY73: Pers 2.83 | BD73: L wrt z_Attn(i) | BF73: =ROW(AW75) -> 75 | BG73: =COLUMN(AW75) -> 49 | BH73: =IF($BF$73>$BG$73,$BF$73-$BG$73,0) -> 26 | BI73: =IF($BF$73<$BG$73,$BG$73-$BF$73,0) -> 0 | BK73: L wrt K | BL73: L wrt Q | BM73: L wrt WQ | BN73: L wrt WK | BO73: L wrt WV | BQ73: term1 | BS73: term2 | BU73: term3 | BX73: SUM
AO74: 1 | AP74: 2 | AU74: 1 | AW74: 1 | AX74: 2 | AY74: 3 | AZ74: 4 | BA74: 5 | BB74: 6 | BD74: 1 | BE74: 2 | BF74: 3 | BG74: 4 | BH74: 5 | BI74: 6 | BK74: 1 | BL74: 1 | BM74: 1 | BN74: 1 | BO74: 1 | BQ74: 1 | BR74: 2 | BS74: 1 | BT74: 2 | BU74: 1 | BV74: 2 | BX74: 1 | BY74: 2
AN75: 1 | AO75: =AQ57+AO66 -> -0.0064529955 | AP75: =AR57+AP66 -> 0.31328877 | AT75: 1 | AU75: {=MMULT(TRANSPOSE(W17:AB22),AV53:AV58)} -> 0.026357043 | AW75: {=MMULT(AV53:AV58,TRANSPOSE(_xlfn.ANCHORARRAY(N17)))} -> 1.2159011 | AX75: 1.0986203 | AY75: 1.1679057 | AZ75: 0.32633396 | BA75: 0.87637301 | BB75: 0.66275564 | BD75: {=SUM($AW75:$BB75*$W17:$AB17*(IF((ROW(AW75)-$BH$73)=(COLUMN(AW75)-$BI$73),1,0)-W17))} -> 0.68847161 | BE75: {=SUM($AW75:$BB75*$W17:$AB17*(IF((ROW(AX75)-$BH$73)=(COLUMN(AX75)-$BI$73),1,0)-X17))} -> -0.10356056 | BF75: {=SUM($AW75:$BB75*$W17:$AB17*(IF((ROW(AY75)-$BH$73)=(COLUMN(AY75)-$BI$73),1,0)-Y17))} -> -0.094769837 | BG75: {=SUM($AW75:$BB75*$W17:$AB17*(IF((ROW(AZ75)-$BH$73)=(COLUMN(AZ75)-$BI$73),1,0)-Z17))} -> -0.18873575 | BH75: {=SUM($AW75:$BB75*$W17:$AB17*(IF((ROW(BA75)-$BH$73)=(COLUMN(BA75)-$BI$73),1,0)-AA17))} -> -0.095501471 | BI75: {=SUM($AW75:$BB75*$W17:$AB17*(IF((ROW(BB75)-$BH$73)=(COLUMN(BB75)-$BI$73),1,0)-AB17))} -> -0.20590399 | BK75: {=(1/SQRT($G$2))*MMULT(TRANSPOSE($BD$75:$BI$80),_xlfn.ANCHORARRAY(J17))} -> -0.91866696 | BL75: {=(1/SQRT($G$2))*MMULT($BD$75:$BI$80,_xlfn.ANCHORARRAY(L17))} -> 0.11509168 | BM75: {=C31:C32-$AG$39*MMULT(TRANSPOSE(_xlfn.ANCHORARRAY($C$4)),_xlfn.ANCHORARRAY(BL75))} -> -0.63282272 | BN75: {=E31:E32-$AG$39*MMULT(TRANSPOSE(_xlfn.ANCHORARRAY($C$4)),_xlfn.ANCHORARRAY(BK75))} -> 0.41705308 | BO75: {=G31:G32-$AG$39*MMULT(TRANSPOSE(_xlfn.ANCHORARRAY($C$4)),_xlfn.ANCHORARRAY(AU75))} -> 0.88473745 | BQ75: {=MMULT(_xlfn.ANCHORARRAY(BL75),TRANSPOSE(C31:C32))} -> -0.056049649 | BR75: 0.02739182 | BS75: {=MMULT(_xlfn.ANCHORARRAY(BK75),TRANSPOSE(E31:E32))} -> -0.23058541 | BT75: 0.075330691 | BU75: {=MMULT(_xlfn.ANCHORARRAY(AU75),TRANSPOSE(G31:G32))} -> 0.024907406 | BV75: 0.011465314 | BX75: {=_xlfn.ANCHORARRAY(BQ75)+_xlfn.ANCHORARRAY(BS75)+_xlfn.ANCHORARRAY(BU75)} -> -0.26172765 | BY75: 0.11418782
AN76: 2 | AO76: =AQ58+AO67 -> -0.010483436 | AP76: =AR58+AP67 -> -0.012108963 | AT76: 2 | AU76: 0.021503393 | AW76: -0.020795058 | AX76: -0.018789252 | AY76: -0.019974211 | AZ76: -0.0055811557 | BA76: -0.014988248 | BB76: -0.011334838 | BD76: {=SUM($AW76:$BB76*$W18:$AB18*(IF((ROW(AW76)-$BH$73)=(COLUMN(AW76)-$BI$73),1,0)-W18))} -> 0.0018779766 | BE76: {=SUM($AW76:$BB76*$W18:$AB18*(IF((ROW(AX76)-$BH$73)=(COLUMN(AX76)-$BI$73),1,0)-X18))} -> -0.011850754 | BF76: {=SUM($AW76:$BB76*$W18:$AB18*(IF((ROW(AY76)-$BH$73)=(COLUMN(AY76)-$BI$73),1,0)-Y18))} -> 0.0014776682 | BG76: {=SUM($AW76:$BB76*$W18:$AB18*(IF((ROW(AZ76)-$BH$73)=(COLUMN(AZ76)-$BI$73),1,0)-Z18))} -> 0.0033228395 | BH76: {=SUM($AW76:$BB76*$W18:$AB18*(IF((ROW(BA76)-$BH$73)=(COLUMN(BA76)-$BI$73),1,0)-AA18))} -> 0.0014910964 | BI76: {=SUM($AW76:$BB76*$W18:$AB18*(IF((ROW(BB76)-$BH$73)=(COLUMN(BB76)-$BI$73),1,0)-AB18))} -> 0.0036811731 | BK76: 0.19030517 | BL76: -0.0032407575 | BM76: 0.17905297 | BN76: 0.0049520331 | BO76: 0.41467248 | BQ76: 0.0015782489 | BR76: -0.00077130028 | BS76: 0.047766597 | BT76: -0.015605024 | BU76: 0.020320707 | BV76: 0.0093539761 | BX76: 0.069665553 | BY76: -0.0070223478
AN77: 3 | AO77: =AQ59+AO68 -> 0.2462008 | AP77: =AR59+AP68 -> -0.025386187 | AT77: 3 | AU77: 0.018229768 | AW77: 0.5421111 | AX77: 0.48982129 | AY77: 0.52071226 | AZ77: 0.14549642 | BA77: 0.39073204 | BB77: 0.29549046 | BD77: {=SUM($AW77:$BB77*$W19:$AB19*(IF((ROW(AW77)-$BH$73)=(COLUMN(AW77)-$BI$73),1,0)-W19))} -> -0.047546043 | BE77: {=SUM($AW77:$BB77*$W19:$AB19*(IF((ROW(AX77)-$BH$73)=(COLUMN(AX77)-$BI$73),1,0)-X19))} -> -0.041112197 | BF77: {=SUM($AW77:$BB77*$W19:$AB19*(IF((ROW(AY77)-$BH$73)=(COLUMN(AY77)-$BI$73),1,0)-Y19))} -> 0.31147599 | BG77: {=SUM($AW77:$BB77*$W19:$AB19*(IF((ROW(AZ77)-$BH$73)=(COLUMN(AZ77)-$BI$73),1,0)-Z19))} -> -0.087751533 | BH77: {=SUM($AW77:$BB77*$W19:$AB19*(IF((ROW(BA77)-$BH$73)=(COLUMN(BA77)-$BI$73),1,0)-AA19))} -> -0.037112767 | BI77: {=SUM($AW77:$BB77*$W19:$AB19*(IF((ROW(BB77)-$BH$73)=(COLUMN(BB77)-$BI$73),1,0)-AB19))} -> -0.097953447 | BK77: -0.45968228 | BL77: 0.10836095 | BQ77: -0.052771781 | BR77: 0.025789905 | BS77: -0.11538025 | BT77: 0.037693947 | BU77: 0.01722713 | BV77: 0.007929949 | BX77: -0.1509249 | BY77: 0.071413801
AN78: 4 | AO78: =AQ60+AO69 -> -0.0080759745 | AP78: =AR60+AP69 -> -0.049767695 | AT78: 4 | AU78: 0.056830488 | AW78: -0.090954747 | AX78: -0.082181626 | AY78: -0.087364475 | AZ78: -0.024411214 | BA78: -0.065556551 | BB78: -0.049577033 | BD78: {=SUM($AW78:$BB78*$W20:$AB20*(IF((ROW(AW78)-$BH$73)=(COLUMN(AW78)-$BI$73),1,0)-W20))} -> 0.0095339545 | BE78: {=SUM($AW78:$BB78*$W20:$AB20*(IF((ROW(AX78)-$BH$73)=(COLUMN(AX78)-$BI$73),1,0)-X20))} -> 0.0088153511 | BF78: {=SUM($AW78:$BB78*$W20:$AB20*(IF((ROW(AY78)-$BH$73)=(COLUMN(AY78)-$BI$73),1,0)-Y20))} -> 0.0082986812 | BG78: {=SUM($AW78:$BB78*$W20:$AB20*(IF((ROW(AZ78)-$BH$73)=(COLUMN(AZ78)-$BI$73),1,0)-Z20))} -> -0.049065714 | BH78: {=SUM($AW78:$BB78*$W20:$AB20*(IF((ROW(BA78)-$BH$73)=(COLUMN(BA78)-$BI$73),1,0)-AA20))} -> 0.0083422497 | BI78: {=SUM($AW78:$BB78*$W20:$AB20*(IF((ROW(BB78)-$BH$73)=(COLUMN(BB78)-$BI$73),1,0)-AB20))} -> 0.014075478 | BK78: 0.42271461 | BL78: 0.014505309 | BQ78: -0.0070640854 | BR78: 0.0034522635 | BS78: 0.10610137 | BT78: -0.034662598 | BU78: 0.053704812 | BV78: 0.024721262 | BX78: 0.15274209 | BY78: -0.0064890723
AN79: 5 | AO79: =AQ61+AO70 -> 0.1089343 | AP79: =AR61+AP70 -> -0.04274562 | AT79: 5 | AU79: 0.018498709 | AW79: 0.11909251 | AX79: 0.10760534 | AY79: 0.11439155 | AZ79: 0.031963068 | BA79: 0.085837128 | BB79: 0.064914186 | BD79: {=SUM($AW79:$BB79*$W21:$AB21*(IF((ROW(AW79)-$BH$73)=(COLUMN(AW79)-$BI$73),1,0)-W21))} -> -0.010160058 | BE79: {=SUM($AW79:$BB79*$W21:$AB21*(IF((ROW(AX79)-$BH$73)=(COLUMN(AX79)-$BI$73),1,0)-X21))} -> -0.0087047601 | BF79: {=SUM($AW79:$BB79*$W21:$AB21*(IF((ROW(AY79)-$BH$73)=(COLUMN(AY79)-$BI$73),1,0)-Y21))} -> -0.0077269948 | BG79: {=SUM($AW79:$BB79*$W21:$AB21*(IF((ROW(AZ79)-$BH$73)=(COLUMN(AZ79)-$BI$73),1,0)-Z21))} -> -0.019492957 | BH79: {=SUM($AW79:$BB79*$W21:$AB21*(IF((ROW(BA79)-$BH$73)=(COLUMN(BA79)-$BI$73),1,0)-AA21))} -> 0.067995924 | BI79: {=SUM($AW79:$BB79*$W21:$AB21*(IF((ROW(BB79)-$BH$73)=(COLUMN(BB79)-$BI$73),1,0)-AB21))} -> -0.021911155 | BK79: 0.010122284 | BL79: 0.023646385 | BQ79: -0.01151579 | BR79: 0.0056278397 | BS79: 0.0025406933 | BT79: -0.00083002728 | BU79: 0.01748128 | BV79: 0.0080469385 | BX79: 0.0085061838 | BY79: 0.012844751
AN80: 6 | AO80: =AQ62+AO71 -> 0.028466176 | AP80: =AR62+AP71 -> -0.44479059 | AT80: 6 | AU80: 0.064548601 | AW80: -0.76364479 | AX80: -0.68998675 | AY80: -0.73350131 | AZ80: -0.20495353 | BA80: -0.55040468 | BB80: -0.41624263 | BD80: {=SUM($AW80:$BB80*$W22:$AB22*(IF((ROW(AW80)-$BH$73)=(COLUMN(AW80)-$BI$73),1,0)-W22))} -> 0.084448667 | BE80: {=SUM($AW80:$BB80*$W22:$AB22*(IF((ROW(AX80)-$BH$73)=(COLUMN(AX80)-$BI$73),1,0)-X22))} -> 0.079986922 | BF80: {=SUM($AW80:$BB80*$W22:$AB22*(IF((ROW(AY80)-$BH$73)=(COLUMN(AY80)-$BI$73),1,0)-Y22))} -> 0.076709648 | BG80: {=SUM($AW80:$BB80*$W22:$AB22*(IF((ROW(AZ80)-$BH$73)=(COLUMN(AZ80)-$BI$73),1,0)-Z22))} -> 0.10615797 | BH80: {=SUM($AW80:$BB80*$W22:$AB22*(IF((ROW(BA80)-$BH$73)=(COLUMN(BA80)-$BI$73),1,0)-AA22))} -> 0.07698838 | BI80: {=SUM($AW80:$BB80*$W22:$AB22*(IF((ROW(BB80)-$BH$73)=(COLUMN(BB80)-$BI$73),1,0)-AB22))} -> -0.42429158 | BK80: 0.75520718 | BL80: 0.16693165 | BQ80: -0.081295713 | BR80: 0.039729732 | BS80: 0.189557 | BT80: -0.061926988 | BU80: 0.060998428 | BV80: 0.028078641 | BX80: 0.16925972 | BY80: 0.0058813852
BV82: Pers 2.91 | BX82: SEMUA head | CA82: KE FRONT-END | CC82: Pers 2.91
BX83: SUM | CA83: L wrt O_Cc
BX84: 1 | BY84: 2 | CA84: 1 | CB84: 2
BW85: 1 | BX85: {=_xlfn.ANCHORARRAY(BX64)+_xlfn.ANCHORARRAY(BX75)} -> -0.18900723 | BY85: 0.018920317 | CA85: {=_xlfn.ANCHORARRAY(AU35)+_xlfn.ANCHORARRAY(BX85)} -> -0.19032161 | CB85: 0.33708155
BW86: 2 | BX86: 0.093835762 | BY86: -0.047791579 | CA86: 0.076334272 | CB86: -0.04135758
BW87: 3 | BX87: -0.40078883 | BY87: 0.43351366 | CA87: -0.15458802 | CB87: 0.40812748
BW88: 4 | BX88: 0.18712669 | BY88: -0.058887553 | CA88: 0.15659342 | CB88: -0.061929449
BW89: 5 | BX89: -0.18172556 | BY89: 0.27052795 | CA89: -0.072791256 | CB89: 0.22778233
BW90: 6 | BX90: 0.26329236 | BY90: -0.14502957 | CA90: 0.11984531 | CB90: -0.24708178
CA91: (dengan residual)

Sheet EVAL
E2: PREDIKSI | I2: LABEL | L2: t_n | Q2: CNN | T2: Manualisasi ini hanya untuk keluaran CNN saja
E3: gembira | F3: sedih | G3: tegang | I3: SESUNGGUHNYA | L3: n=1 | M3: 2 | N3: 3 | Q3: gembira
C4: Back-end | E4: 1 | F4: 2 | G4: 3 | I4: 1 | J4: 2 | L4: gembira | M4: sedih | N4: tegang | Q4: prediksi | R4: sungguh | T4: karena selebihnya sama, hanya berbeda di nilai masukan/keluaran
C5: CNN | D5: 1 | E5: {=TRANSPOSE('CNN-BE2'!M28:M30)} -> 0.14689662 | F5: 0.050122748 | G5: 0.63948086 | I5: gembira | J5: tegang | L5: =COUNTIF($I5:$J5,"gembira") -> 1 | M5: =COUNTIF($I5:$J5,"sedih") -> 0 | N5: =COUNTIF($I5:$J5,"tegang") -> 1 | Q5: =E5 -> 0.14689662 | R5: =L5 -> 1
B6: Dummy | C6: CNN | D6: 2 | E6: 0.4687248 | F6: 0.74796252 | G6: 0.083341324 | I6: gembira | J6: sedih | L6: =COUNTIF($I6:$J6,"gembira") -> 1 | M6: =COUNTIF($I6:$J6,"sedih") -> 1 | N6: =COUNTIF($I6:$J6,"tegang") -> 0 | Q6: {=E6:E8} -> 0.4687248 | R6: {=L6:L8} -> 1
C7: CNN | D7: 3 | E7: 0.068917473 | F7: 0.64566804 | G7: 0.9793701 | I7: tegang | J7: sedih | L7: =COUNTIF($I7:$J7,"gembira") -> 0 | M7: =COUNTIF($I7:$J7,"sedih") -> 1 | N7: =COUNTIF($I7:$J7,"tegang") -> 1 | Q7: 0.068917473 | R7: 0
C8: CNN | D8: 4 | E8: 0.60618263 | F8: 0.083554519 | G8: 0.074381321 | I8: gembira | L8: =COUNTIF($I8:$J8,"gembira") -> 1 | M8: =COUNTIF($I8:$J8,"sedih") -> 0 | N8: =COUNTIF($I8:$J8,"tegang") -> 0 | Q8: 0.60618263 | R8: 1
C9: GRU | D9: 1 | E9: {=TRANSPOSE('GRU-BE'!W28:W30)} -> 0.44519023 | F9: 0.74790872 | G9: 0.87557625 | I9: gembira | J9: tegang | L9: =COUNTIF($I9:$J9,"gembira") -> 1 | M9: =COUNTIF($I9:$J9,"sedih") -> 0 | N9: =COUNTIF($I9:$J9,"tegang") -> 1 | V9: Pers 2.124 | Y9: Pers 2.123 | Z9: Pers 2.125 | AB9: gembira
B10: Dummy | C10: GRU | D10: 2 | E10: 0.58966366 | F10: 0.61327155 | G10: 0.23197773 | I10: gembira | J10: sedih | L10: =COUNTIF($I10:$J10,"gembira") -> 1 | M10: =COUNTIF($I10:$J10,"sedih") -> 1 | N10: =COUNTIF($I10:$J10,"tegang") -> 0 | Q10: ambang | R10: prediksi | S10: sungguh | T10: TP | U10: FN | V10: TPR | W10: FP | X10: TN | Y10: FPR | Z10: Precision | AB10: ambang | AC10: FPR | AD10: TPR | AE10: Precision
C11: GRU | D11: 3 | E11: 0.13057054 | F11: 0.60336156 | G11: 0.8078119 | I11: tegang | J11: sedih | L11: =COUNTIF($I11:$J11,"gembira") -> 0 | M11: =COUNTIF($I11:$J11,"sedih") -> 1 | N11: =COUNTIF($I11:$J11,"tegang") -> 1 | Q11: 0.6 | R11: =IF($Q$5>$Q11,1,0) -> 0 | S11: =$R$5 -> 1 | T11: =IF(AND(R11=1,S11=1),1,0) -> 0 | U11: =IF(AND(R11=0,S11=1),1,0) -> 1 | V11: =SUM(T11:T14)/(SUM(T11:T14)+SUM(U11:U14)) -> 0.33333333 | W11: =IF(AND(R11=1,S11=0),1,0) -> 0 | X11: =IF(AND(R11=0,S11=0),1,0) -> 0 | Y11: =SUM(W11:W14)/(SUM(W11:W14)+SUM(X11:X14)) -> 0 | Z11: =SUM(T11:T14)/(SUM(T11:T14)+SUM(W11:W14)) -> 1 | AB11: {=_xlfn._xlws.FILTER(Q11:Q30,Q11:Q30<>"")} -> 0.6 | AC11: {=_xlfn._xlws.FILTER(Y11:Y30,Y11:Y30<>"")} -> 0 | AD11: {=_xlfn._xlws.FILTER(V11:V30,V11:V30<>"")} -> 0.33333333 | AE11: {=_xlfn._xlws.FILTER(Z11:Z30,Z11:Z30<>"")} -> 1
C12: GRU | D12: 4 | E12: 0.86146156 | F12: 0.76077952 | G12: 0.42010746 | I12: gembira | L12: =COUNTIF($I12:$J12,"gembira") -> 1 | M12: =COUNTIF($I12:$J12,"sedih") -> 0 | N12: =COUNTIF($I12:$J12,"tegang") -> 0 | R12: =IF($Q$6>$Q11,1,0) -> 0 | S12: =$R$6 -> 1 | T12: =IF(AND(R12=1,S12=1),1,0) -> 0 | U12: =IF(AND(R12=0,S12=1),1,0) -> 1 | W12: =IF(AND(R12=1,S12=0),1,0) -> 0 | X12: =IF(AND(R12=0,S12=0),1,0) -> 0 | AB12: 0.5 | AC12: 0 | AD12: 0.33333333 | AE12: 1
C13: ATTN | D13: 1 | E13: {=TRANSPOSE('ATTN-BE'!AG28:AG30)} -> 0.3834217 | F13: 0.036587036 | G13: 0.41495661 | I13: gembira | J13: tegang | L13: =COUNTIF($I13:$J13,"gembira") -> 1 | M13: =COUNTIF($I13:$J13,"sedih") -> 0 | N13: =COUNTIF($I13:$J13,"tegang") -> 1 | R13: =IF($Q$7>$Q11,1,0) -> 0 | S13: =$R$7 -> 0 | T13: =IF(AND(R13=1,S13=1),1,0) -> 0 | U13: =IF(AND(R13=0,S13=1),1,0) -> 0 | W13: =IF(AND(R13=1,S13=0),1,0) -> 0 | X13: =IF(AND(R13=0,S13=0),1,0) -> 1 | AB13: 0.35 | AC13: 0 | AD13: 0.66666667 | AE13: 1
B14: Dummy | C14: ATTN | D14: 2 | E14: 0.34100797 | F14: 0.73501701 | G14: 0.23041101 | I14: gembira | J14: sedih | L14: =COUNTIF($I14:$J14,"gembira") -> 1 | M14: =COUNTIF($I14:$J14,"sedih") -> 1 | N14: =COUNTIF($I14:$J14,"tegang") -> 0 | R14: =IF($Q$8>$Q11,1,0) -> 1 | S14: =$R$8 -> 1 | T14: =IF(AND(R14=1,S14=1),1,0) -> 1 | U14: =IF(AND(R14=0,S14=1),1,0) -> 0 | W14: =IF(AND(R14=1,S14=0),1,0) -> 0 | X14: =IF(AND(R14=0,S14=0),1,0) -> 0 | AB14: 0.15 | AC14: 0 | AD14: 0.66666667 | AE14: 1
C15: ATTN | D15: 3 | E15: 0.76150906 | F15: 0.30006149 | G15: 0.072473996 | I15: tegang | J15: sedih | L15: =COUNTIF($I15:$J15,"gembira") -> 0 | M15: =COUNTIF($I15:$J15,"sedih") -> 1 | N15: =COUNTIF($I15:$J15,"tegang") -> 1 | Q15: 0.5 | R15: =IF($Q$5>$Q15,1,0) -> 0 | S15: =$R$5 -> 1 | T15: =IF(AND(R15=1,S15=1),1,0) -> 0 | U15: =IF(AND(R15=0,S15=1),1,0) -> 1 | V15: =SUM(T15:T18)/(SUM(T15:T18)+SUM(U15:U18)) -> 0.33333333 | W15: =IF(AND(R15=1,S15=0),1,0) -> 0 | X15: =IF(AND(R15=0,S15=0),1,0) -> 0 | Y15: =SUM(W15:W18)/(SUM(W15:W18)+SUM(X15:X18)) -> 0 | Z15: =SUM(T15:T18)/(SUM(T15:T18)+SUM(W15:W18)) -> 1 | AB15: 0 | AC15: 1 | AD15: 1 | AE15: 0.75
C16: ATTN | D16: 4 | E16: 0.72813996 | F16: 0.70988098 | G16: 0.013349195 | I16: gembira | L16: =COUNTIF($I16:$J16,"gembira") -> 1 | M16: =COUNTIF($I16:$J16,"sedih") -> 0 | N16: =COUNTIF($I16:$J16,"tegang") -> 0 | R16: =IF($Q$6>$Q15,1,0) -> 0 | S16: =$R$6 -> 1 | T16: =IF(AND(R16=1,S16=1),1,0) -> 0 | U16: =IF(AND(R16=0,S16=1),1,0) -> 1 | W16: =IF(AND(R16=1,S16=0),1,0) -> 0 | X16: =IF(AND(R16=0,S16=0),1,0) -> 0
R17: =IF($Q$7>$Q15,1,0) -> 0 | S17: =$R$7 -> 0 | T17: =IF(AND(R17=1,S17=1),1,0) -> 0 | U17: =IF(AND(R17=0,S17=1),1,0) -> 0 | W17: =IF(AND(R17=1,S17=0),1,0) -> 0 | X17: =IF(AND(R17=0,S17=0),1,0) -> 1 | AB17: Pers 2.126 | AC17: base | AD17: height | AE17: area
R18: =IF($Q$8>$Q15,1,0) -> 1 | S18: =$R$8 -> 1 | T18: =IF(AND(R18=1,S18=1),1,0) -> 1 | U18: =IF(AND(R18=0,S18=1),1,0) -> 0 | W18: =IF(AND(R18=1,S18=0),1,0) -> 0 | X18: =IF(AND(R18=0,S18=0),1,0) -> 0 | AB18: ROC | AC18: =ABS(AC12-AC11) -> 0 | AD18: =(AD11+AD12)/2 -> 0.33333333 | AE18: =AC18*AD18 -> 0
Q19: 0.35 | R19: =IF($Q$5>$Q19,1,0) -> 0 | S19: =$R$5 -> 1 | T19: =IF(AND(R19=1,S19=1),1,0) -> 0 | U19: =IF(AND(R19=0,S19=1),1,0) -> 1 | V19: =SUM(T19:T22)/(SUM(T19:T22)+SUM(U19:U22)) -> 0.66666667 | W19: =IF(AND(R19=1,S19=0),1,0) -> 0 | X19: =IF(AND(R19=0,S19=0),1,0) -> 0 | Y19: =SUM(W19:W22)/(SUM(W19:W22)+SUM(X19:X22)) -> 0 | Z19: =SUM(T19:T22)/(SUM(T19:T22)+SUM(W19:W22)) -> 1 | AC19: =ABS(AC13-AC12) -> 0 | AD19: =(AD12+AD13)/2 -> 0.5 | AE19: =AC19*AD19 -> 0
F20: COUNTIF | M20: CONFUSION | R20: =IF($Q$6>$Q19,1,0) -> 1 | S20: =$R$6 -> 1 | T20: =IF(AND(R20=1,S20=1),1,0) -> 1 | U20: =IF(AND(R20=0,S20=1),1,0) -> 0 | W20: =IF(AND(R20=1,S20=0),1,0) -> 0 | X20: =IF(AND(R20=0,S20=0),1,0) -> 0 | AC20: =ABS(AC14-AC13) -> 0 | AD20: =(AD13+AD14)/2 -> 0.66666667 | AE20: =AC20*AD20 -> 0
F21: p_n | G21: n=1,2,3 | M21: prediksi | R21: =IF($Q$7>$Q19,1,0) -> 0 | S21: =$R$7 -> 0 | T21: =IF(AND(R21=1,S21=1),1,0) -> 0 | U21: =IF(AND(R21=0,S21=1),1,0) -> 0 | W21: =IF(AND(R21=1,S21=0),1,0) -> 0 | X21: =IF(AND(R21=0,S21=0),1,0) -> 1 | AC21: =ABS(AC15-AC14) -> 1 | AD21: =(AD14+AD15)/2 -> 0.83333333 | AE21: =AC21*AD21 -> 0.83333333
E22: gembira | F22: =G22/$G$25 -> 0.11538462 | G22: 3 | K22: sungguh | M22: P | N22: N | R22: =IF($Q$8>$Q19,1,0) -> 1 | S22: =$R$8 -> 1 | T22: =IF(AND(R22=1,S22=1),1,0) -> 1 | U22: =IF(AND(R22=0,S22=1),1,0) -> 0 | W22: =IF(AND(R22=1,S22=0),1,0) -> 0 | X22: =IF(AND(R22=0,S22=0),1,0) -> 0 | AD22: ROC-AUC | AE22: =SUM(AE18:AE21) -> 0.83333333
E23: sedih | F23: =G23/$G$25 -> 0.61538462 | G23: 16 | L23: P | M23: TP | N23: FN | Q23: 0.15 | R23: =IF($Q$5>$Q23,1,0) -> 0 | S23: =$R$5 -> 1 | T23: =IF(AND(R23=1,S23=1),1,0) -> 0 | U23: =IF(AND(R23=0,S23=1),1,0) -> 1 | V23: =SUM(T23:T26)/(SUM(T23:T26)+SUM(U23:U26)) -> 0.66666667 | W23: =IF(AND(R23=1,S23=0),1,0) -> 0 | X23: =IF(AND(R23=0,S23=0),1,0) -> 0 | Y23: =SUM(W23:W26)/(SUM(W23:W26)+SUM(X23:X26)) -> 0 | Z23: =SUM(T23:T26)/(SUM(T23:T26)+SUM(W23:W26)) -> 1
E24: tegang | F24: =G24/$G$25 -> 0.26923077 | G24: 7 | L24: N | M24: FP | N24: TN | R24: =IF($Q$6>$Q23,1,0) -> 1 | S24: =$R$6 -> 1 | T24: =IF(AND(R24=1,S24=1),1,0) -> 1 | U24: =IF(AND(R24=0,S24=1),1,0) -> 0 | W24: =IF(AND(R24=1,S24=0),1,0) -> 0 | X24: =IF(AND(R24=0,S24=0),1,0) -> 0 | AB24: Pers 2.126 | AC24: base | AD24: height | AE24: area
G25: =SUM(G22:G24) -> 26 | R25: =IF($Q$7>$Q23,1,0) -> 0 | S25: =$R$7 -> 0 | T25: =IF(AND(R25=1,S25=1),1,0) -> 0 | U25: =IF(AND(R25=0,S25=1),1,0) -> 0 | W25: =IF(AND(R25=1,S25=0),1,0) -> 0 | X25: =IF(AND(R25=0,S25=0),1,0) -> 1 | AB25: PR | AC25: =ABS(AD12-AD11) -> 0 | AD25: =(AE11+AE12)/2 -> 1 | AE25: =AC25*AD25 -> 0
F26: (sengaja unbalanced) | R26: =IF($Q$8>$Q23,1,0) -> 1 | S26: =$R$8 -> 1 | T26: =IF(AND(R26=1,S26=1),1,0) -> 1 | U26: =IF(AND(R26=0,S26=1),1,0) -> 0 | W26: =IF(AND(R26=1,S26=0),1,0) -> 0 | X26: =IF(AND(R26=0,S26=0),1,0) -> 0 | AC26: =ABS(AD13-AD12) -> 0.33333333 | AD26: =(AE12+AE13)/2 -> 1 | AE26: =AC26*AD26 -> 0.33333333
Q27: 0 | R27: =IF($Q$5>$Q27,1,0) -> 1 | S27: =$R$5 -> 1 | T27: =IF(AND(R27=1,S27=1),1,0) -> 1 | U27: =IF(AND(R27=0,S27=1),1,0) -> 0 | V27: =SUM(T27:T30)/(SUM(T27:T30)+SUM(U27:U30)) -> 1 | W27: =IF(AND(R27=1,S27=0),1,0) -> 0 | X27: =IF(AND(R27=0,S27=0),1,0) -> 0 | Y27: =SUM(W27:W30)/(SUM(W27:W30)+SUM(X27:X30)) -> 1 | Z27: =SUM(T27:T30)/(SUM(T27:T30)+SUM(W27:W30)) -> 0.75 | AC27: =ABS(AD14-AD13) -> 0 | AD27: =(AE13+AE14)/2 -> 1 | AE27: =AC27*AD27 -> 0
R28: =IF($Q$6>$Q27,1,0) -> 1 | S28: =$R$6 -> 1 | T28: =IF(AND(R28=1,S28=1),1,0) -> 1 | U28: =IF(AND(R28=0,S28=1),1,0) -> 0 | W28: =IF(AND(R28=1,S28=0),1,0) -> 0 | X28: =IF(AND(R28=0,S28=0),1,0) -> 0 | AC28: =ABS(AD15-AD14) -> 0.33333333 | AD28: =(AE14+AE15)/2 -> 0.875 | AE28: =AC28*AD28 -> 0.29166667
R29: =IF($Q$7>$Q27,1,0) -> 1 | S29: =$R$7 -> 0 | T29: =IF(AND(R29=1,S29=1),1,0) -> 0 | U29: =IF(AND(R29=0,S29=1),1,0) -> 0 | W29: =IF(AND(R29=1,S29=0),1,0) -> 1 | X29: =IF(AND(R29=0,S29=0),1,0) -> 0 | AD29: PR-AUC | AE29: =SUM(AE25:AE28) -> 0.625
R30: =IF($Q$8>$Q27,1,0) -> 1 | S30: =$R$8 -> 1 | T30: =IF(AND(R30=1,S30=1),1,0) -> 1 | U30: =IF(AND(R30=0,S30=1),1,0) -> 0 | W30: =IF(AND(R30=1,S30=0),1,0) -> 0 | X30: =IF(AND(R30=0,S30=0),1,0) -> 0 | AB30: (Fawcett, 2006)
Q33: sedih
Q34: prediksi | R34: sungguh
Q35: =$F$5 -> 0.050122748 | R35: =$M$5 -> 0
Q36: {=F6:$F$8} -> 0.74796252 | R36: {=M6:$M$8} -> 1
Q37: 0.64566804 | R37: 1
Q38: 0.083554519 | R38: 0
V39: Pers 2.124 | Y39: Pers 2.123 | Z39: Pers 2.125 | AB39: sedih
Q40: ambang | R40: prediksi | S40: sungguh | T40: TP | U40: FN | V40: TPR | W40: FP | X40: TN | Y40: FPR | Z40: Precision | AB40: ambang | AC40: FPR | AD40: TPR | AE40: Precision
Q41: 0.7 | R41: =IF($Q$35>$Q41,1,0) -> 0 | S41: =$R$35 -> 0 | T41: =IF(AND(R41=1,S41=1),1,0) -> 0 | U41: =IF(AND(R41=0,S41=1),1,0) -> 0 | V41: =SUM(T41:T44)/(SUM(T41:T44)+SUM(U41:U44)) -> 0.5 | W41: =IF(AND(R41=1,S41=0),1,0) -> 0 | X41: =IF(AND(R41=0,S41=0),1,0) -> 1 | Y41: =SUM(W41:W44)/(SUM(W41:W44)+SUM(X41:X44)) -> 0 | Z41: =SUM(T41:T44)/(SUM(T41:T44)+SUM(W41:W44)) -> 1 | AB41: {=_xlfn._xlws.FILTER(Q41:Q60,Q41:Q60<>"")} -> 0.7 | AC41: {=_xlfn._xlws.FILTER(Y41:Y60,Y41:Y60<>"")} -> 0 | AD41: {=_xlfn._xlws.FILTER(V41:V60,V41:V60<>"")} -> 0.5 | AE41: {=_xlfn._xlws.FILTER(Z41:Z60,Z41:Z60<>"")} -> 1
R42: =IF($Q$36>$Q41,1,0) -> 1 | S42: =$R$36 -> 1 | T42: =IF(AND(R42=1,S42=1),1,0) -> 1 | U42: =IF(AND(R42=0,S42=1),1,0) -> 0 | W42: =IF(AND(R42=1,S42=0),1,0) -> 0 | X42: =IF(AND(R42=0,S42=0),1,0) -> 0 | AB42: 0.6 | AC42: 0 | AD42: 1 | AE42: 1
R43: =IF($Q$37>$Q41,1,0) -> 0 | S43: =$R$37 -> 1 | T43: =IF(AND(R43=1,S43=1),1,0) -> 0 | U43: =IF(AND(R43=0,S43=1),1,0) -> 1 | W43: =IF(AND(R43=1,S43=0),1,0) -> 0 | X43: =IF(AND(R43=0,S43=0),1,0) -> 0 | AB43: 0.4 | AC43: 0 | AD43: 1 | AE43: 1
R44: =IF($Q$38>$Q41,1,0) -> 0 | S44: =$R$38 -> 0 | T44: =IF(AND(R44=1,S44=1),1,0) -> 0 | U44: =IF(AND(R44=0,S44=1),1,0) -> 0 | W44: =IF(AND(R44=1,S44=0),1,0) -> 0 | X44: =IF(AND(R44=0,S44=0),1,0) -> 1 | AB44: 0.2 | AC44: 0 | AD44: 1 | AE44: 1
Q45: 0.6 | R45: =IF($Q$35>$Q45,1,0) -> 0 | S45: =$R$35 -> 0 | T45: =IF(AND(R45=1,S45=1),1,0) -> 0 | U45: =IF(AND(R45=0,S45=1),1,0) -> 0 | V45: =SUM(T45:T48)/(SUM(T45:T48)+SUM(U45:U48)) -> 1 | W45: =IF(AND(R45=1,S45=0),1,0) -> 0 | X45: =IF(AND(R45=0,S45=0),1,0) -> 1 | Y45: =SUM(W45:W48)/(SUM(W45:W48)+SUM(X45:X48)) -> 0 | Z45: =SUM(T45:T48)/(SUM(T45:T48)+SUM(W45:W48)) -> 1 | AB45: 0 | AC45: 1 | AD45: 1 | AE45: 0.5
R46: =IF($Q$36>$Q45,1,0) -> 1 | S46: =$R$36 -> 1 | T46: =IF(AND(R46=1,S46=1),1,0) -> 1 | U46: =IF(AND(R46=0,S46=1),1,0) -> 0 | W46: =IF(AND(R46=1,S46=0),1,0) -> 0 | X46: =IF(AND(R46=0,S46=0),1,0) -> 0
R47: =IF($Q$37>$Q45,1,0) -> 1 | S47: =$R$37 -> 1 | T47: =IF(AND(R47=1,S47=1),1,0) -> 1 | U47: =IF(AND(R47=0,S47=1),1,0) -> 0 | W47: =IF(AND(R47=1,S47=0),1,0) -> 0 | X47: =IF(AND(R47=0,S47=0),1,0) -> 0 | AB47: Pers 2.126 | AC47: base | AD47: height | AE47: area
R48: =IF($Q$38>$Q45,1,0) -> 0 | S48: =$R$38 -> 0 | T48: =IF(AND(R48=1,S48=1),1,0) -> 0 | U48: =IF(AND(R48=0,S48=1),1,0) -> 0 | W48: =IF(AND(R48=1,S48=0),1,0) -> 0 | X48: =IF(AND(R48=0,S48=0),1,0) -> 1 | AB48: ROC | AC48: =ABS(AC42-AC41) -> 0 | AD48: =(AD41+AD42)/2 -> 0.75 | AE48: =AC48*AD48 -> 0
Q49: 0.4 | R49: =IF($Q$35>$Q49,1,0) -> 0 | S49: =$R$35 -> 0 | T49: =IF(AND(R49=1,S49=1),1,0) -> 0 | U49: =IF(AND(R49=0,S49=1),1,0) -> 0 | V49: =SUM(T49:T52)/(SUM(T49:T52)+SUM(U49:U52)) -> 1 | W49: =IF(AND(R49=1,S49=0),1,0) -> 0 | X49: =IF(AND(R49=0,S49=0),1,0) -> 1 | Y49: =SUM(W49:W52)/(SUM(W49:W52)+SUM(X49:X52)) -> 0 | Z49: =SUM(T49:T52)/(SUM(T49:T52)+SUM(W49:W52)) -> 1 | AC49: =ABS(AC43-AC42) -> 0 | AD49: =(AD42+AD43)/2 -> 1 | AE49: =AC49*AD49 -> 0
R50: =IF($Q$36>$Q49,1,0) -> 1 | S50: =$R$36 -> 1 | T50: =IF(AND(R50=1,S50=1),1,0) -> 1 | U50: =IF(AND(R50=0,S50=1),1,0) -> 0 | W50: =IF(AND(R50=1,S50=0),1,0) -> 0 | X50: =IF(AND(R50=0,S50=0),1,0) -> 0 | AC50: =ABS(AC44-AC43) -> 0 | AD50: =(AD43+AD44)/2 -> 1 | AE50: =AC50*AD50 -> 0
R51: =IF($Q$37>$Q49,1,0) -> 1 | S51: =$R$37 -> 1 | T51: =IF(AND(R51=1,S51=1),1,0) -> 1 | U51: =IF(AND(R51=0,S51=1),1,0) -> 0 | W51: =IF(AND(R51=1,S51=0),1,0) -> 0 | X51: =IF(AND(R51=0,S51=0),1,0) -> 0 | AC51: =ABS(AC45-AC44) -> 1 | AD51: =(AD44+AD45)/2 -> 1 | AE51: =AC51*AD51 -> 1
R52: =IF($Q$38>$Q49,1,0) -> 0 | S52: =$R$38 -> 0 | T52: =IF(AND(R52=1,S52=1),1,0) -> 0 | U52: =IF(AND(R52=0,S52=1),1,0) -> 0 | W52: =IF(AND(R52=1,S52=0),1,0) -> 0 | X52: =IF(AND(R52=0,S52=0),1,0) -> 1 | AD52: ROC-AUC | AE52: =SUM(AE48:AE51) -> 1
Q53: 0.2 | R53: =IF($Q$35>$Q53,1,0) -> 0 | S53: =$R$35 -> 0 | T53: =IF(AND(R53=1,S53=1),1,0) -> 0 | U53: =IF(AND(R53=0,S53=1),1,0) -> 0 | V53: =SUM(T53:T56)/(SUM(T53:T56)+SUM(U53:U56)) -> 1 | W53: =IF(AND(R53=1,S53=0),1,0) -> 0 | X53: =IF(AND(R53=0,S53=0),1,0) -> 1 | Y53: =SUM(W53:W56)/(SUM(W53:W56)+SUM(X53:X56)) -> 0 | Z53: =SUM(T53:T56)/(SUM(T53:T56)+SUM(W53:W56)) -> 1
R54: =IF($Q$36>$Q53,1,0) -> 1 | S54: =$R$36 -> 1 | T54: =IF(AND(R54=1,S54=1),1,0) -> 1 | U54: =IF(AND(R54=0,S54=1),1,0) -> 0 | W54: =IF(AND(R54=1,S54=0),1,0) -> 0 | X54: =IF(AND(R54=0,S54=0),1,0) -> 0 | AB54: Pers 2.126 | AC54: base | AD54: height | AE54: area
R55: =IF($Q$37>$Q53,1,0) -> 1 | S55: =$R$37 -> 1 | T55: =IF(AND(R55=1,S55=1),1,0) -> 1 | U55: =IF(AND(R55=0,S55=1),1,0) -> 0 | W55: =IF(AND(R55=1,S55=0),1,0) -> 0 | X55: =IF(AND(R55=0,S55=0),1,0) -> 0 | AB55: PR | AC55: =ABS(AD42-AD41) -> 0.5 | AD55: =(AE41+AE42)/2 -> 1 | AE55: =AC55*AD55 -> 0.5
R56: =IF($Q$38>$Q53,1,0) -> 0 | S56: =$R$38 -> 0 | T56: =IF(AND(R56=1,S56=1),1,0) -> 0 | U56: =IF(AND(R56=0,S56=1),1,0) -> 0 | W56: =IF(AND(R56=1,S56=0),1,0) -> 0 | X56: =IF(AND(R56=0,S56=0),1,0) -> 1 | AC56: =ABS(AD43-AD42) -> 0 | AD56: =(AE42+AE43)/2 -> 1 | AE56: =AC56*AD56 -> 0
Q57: 0 | R57: =IF($Q$35>$Q57,1,0) -> 1 | S57: =$R$35 -> 0 | T57: =IF(AND(R57=1,S57=1),1,0) -> 0 | U57: =IF(AND(R57=0,S57=1),1,0) -> 0 | V57: =SUM(T57:T60)/(SUM(T57:T60)+SUM(U57:U60)) -> 1 | W57: =IF(AND(R57=1,S57=0),1,0) -> 1 | X57: =IF(AND(R57=0,S57=0),1,0) -> 0 | Y57: =SUM(W57:W60)/(SUM(W57:W60)+SUM(X57:X60)) -> 1 | Z57: =SUM(T57:T60)/(SUM(T57:T60)+SUM(W57:W60)) -> 0.5 | AC57: =ABS(AD44-AD43) -> 0 | AD57: =(AE43+AE44)/2 -> 1 | AE57: =AC57*AD57 -> 0
R58: =IF($Q$36>$Q57,1,0) -> 1 | S58: =$R$36 -> 1 | T58: =IF(AND(R58=1,S58=1),1,0) -> 1 | U58: =IF(AND(R58=0,S58=1),1,0) -> 0 | W58: =IF(AND(R58=1,S58=0),1,0) -> 0 | X58: =IF(AND(R58=0,S58=0),1,0) -> 0 | AC58: =ABS(AD45-AD44) -> 0 | AD58: =(AE44+AE45)/2 -> 0.75 | AE58: =AC58*AD58 -> 0
R59: =IF($Q$37>$Q57,1,0) -> 1 | S59: =$R$37 -> 1 | T59: =IF(AND(R59=1,S59=1),1,0) -> 1 | U59: =IF(AND(R59=0,S59=1),1,0) -> 0 | W59: =IF(AND(R59=1,S59=0),1,0) -> 0 | X59: =IF(AND(R59=0,S59=0),1,0) -> 0 | AD59: PR-AUC | AE59: =SUM(AE55:AE58) -> 0.5
R60: =IF($Q$38>$Q57,1,0) -> 1 | S60: =$R$38 -> 0 | T60: =IF(AND(R60=1,S60=1),1,0) -> 0 | U60: =IF(AND(R60=0,S60=1),1,0) -> 0 | W60: =IF(AND(R60=1,S60=0),1,0) -> 1 | X60: =IF(AND(R60=0,S60=0),1,0) -> 0 | AB60: (Fawcett, 2006)
Q63: tegang
Q64: prediksi | R64: sungguh
Q65: =$G$5 -> 0.63948086 | R65: =$N$5 -> 1
Q66: {=G$6:$G8} -> 0.083341324 | R66: {=N$6:$N8} -> 0
Q67: 0.9793701 | R67: 1
Q68: 0.074381321 | R68: 0
V69: Pers 2.124 | Y69: Pers 2.123 | Z69: Pers 2.125 | AB69: tegang
Q70: ambang | R70: prediksi | S70: sungguh | T70: TP | U70: FN | V70: TPR | W70: FP | X70: TN | Y70: FPR | Z70: Precision | AB70: ambang | AC70: FPR | AD70: TPR | AE70: Precision
Q71: 0.9 | R71: =IF($Q$65>$Q71,1,0) -> 0 | S71: =$R$65 -> 1 | T71: =IF(AND(R71=1,S71=1),1,0) -> 0 | U71: =IF(AND(R71=0,S71=1),1,0) -> 1 | V71: =SUM(T71:T74)/(SUM(T71:T74)+SUM(U71:U74)) -> 0.5 | W71: =IF(AND(R71=1,S71=0),1,0) -> 0 | X71: =IF(AND(R71=0,S71=0),1,0) -> 0 | Y71: =SUM(W71:W74)/(SUM(W71:W74)+SUM(X71:X74)) -> 0 | Z71: =SUM(T71:T74)/(SUM(T71:T74)+SUM(W71:W74)) -> 1 | AB71: {=_xlfn._xlws.FILTER(Q71:Q90,Q71:Q90<>"")} -> 0.9 | AC71: {=_xlfn._xlws.FILTER(Y71:Y90,Y71:Y90<>"")} -> 0 | AD71: {=_xlfn._xlws.FILTER(V71:V90,V71:V90<>"")} -> 0.5 | AE71: {=_xlfn._xlws.FILTER(Z71:Z90,Z71:Z90<>"")} -> 1
R72: =IF($Q$66>$Q71,1,0) -> 0 | S72: =$R$66 -> 0 | T72: =IF(AND(R72=1,S72=1),1,0) -> 0 | U72: =IF(AND(R72=0,S72=1),1,0) -> 0 | W72: =IF(AND(R72=1,S72=0),1,0) -> 0 | X72: =IF(AND(R72=0,S72=0),1,0) -> 1 | AB72: 0.75 | AC72: 0 | AD72: 0.5 | AE72: 1
R73: =IF($Q$67>$Q71,1,0) -> 1 | S73: =$R$67 -> 1 | T73: =IF(AND(R73=1,S73=1),1,0) -> 1 | U73: =IF(AND(R73=0,S73=1),1,0) -> 0 | W73: =IF(AND(R73=1,S73=0),1,0) -> 0 | X73: =IF(AND(R73=0,S73=0),1,0) -> 0 | AB73: 0.5 | AC73: 0 | AD73: 1 | AE73: 1
R74: =IF($Q$68>$Q71,1,0) -> 0 | S74: =$R$68 -> 0 | T74: =IF(AND(R74=1,S74=1),1,0) -> 0 | U74: =IF(AND(R74=0,S74=1),1,0) -> 0 | W74: =IF(AND(R74=1,S74=0),1,0) -> 0 | X74: =IF(AND(R74=0,S74=0),1,0) -> 1 | AB74: 0.25 | AC74: 0 | AD74: 1 | AE74: 1
Q75: 0.75 | R75: =IF($Q$65>$Q75,1,0) -> 0 | S75: =$R$65 -> 1 | T75: =IF(AND(R75=1,S75=1),1,0) -> 0 | U75: =IF(AND(R75=0,S75=1),1,0) -> 1 | V75: =SUM(T75:T78)/(SUM(T75:T78)+SUM(U75:U78)) -> 0.5 | W75: =IF(AND(R75=1,S75=0),1,0) -> 0 | X75: =IF(AND(R75=0,S75=0),1,0) -> 0 | Y75: =SUM(W75:W78)/(SUM(W75:W78)+SUM(X75:X78)) -> 0 | Z75: =SUM(T75:T78)/(SUM(T75:T78)+SUM(W75:W78)) -> 1 | AB75: 0 | AC75: 1 | AD75: 1 | AE75: 0.5
R76: =IF($Q$66>$Q75,1,0) -> 0 | S76: =$R$66 -> 0 | T76: =IF(AND(R76=1,S76=1),1,0) -> 0 | U76: =IF(AND(R76=0,S76=1),1,0) -> 0 | W76: =IF(AND(R76=1,S76=0),1,0) -> 0 | X76: =IF(AND(R76=0,S76=0),1,0) -> 1
R77: =IF($Q$67>$Q75,1,0) -> 1 | S77: =$R$67 -> 1 | T77: =IF(AND(R77=1,S77=1),1,0) -> 1 | U77: =IF(AND(R77=0,S77=1),1,0) -> 0 | W77: =IF(AND(R77=1,S77=0),1,0) -> 0 | X77: =IF(AND(R77=0,S77=0),1,0) -> 0 | AB77: Pers 2.126 | AC77: base | AD77: height | AE77: area
R78: =IF($Q$68>$Q75,1,0) -> 0 | S78: =$R$68 -> 0 | T78: =IF(AND(R78=1,S78=1),1,0) -> 0 | U78: =IF(AND(R78=0,S78=1),1,0) -> 0 | W78: =IF(AND(R78=1,S78=0),1,0) -> 0 | X78: =IF(AND(R78=0,S78=0),1,0) -> 1 | AB78: ROC | AC78: =ABS(AC72-AC71) -> 0 | AD78: =(AD71+AD72)/2 -> 0.5 | AE78: =AC78*AD78 -> 0
Q79: 0.5 | R79: =IF($Q$65>$Q79,1,0) -> 1 | S79: =$R$65 -> 1 | T79: =IF(AND(R79=1,S79=1),1,0) -> 1 | U79: =IF(AND(R79=0,S79=1),1,0) -> 0 | V79: =SUM(T79:T82)/(SUM(T79:T82)+SUM(U79:U82)) -> 1 | W79: =IF(AND(R79=1,S79=0),1,0) -> 0 | X79: =IF(AND(R79=0,S79=0),1,0) -> 0 | Y79: =SUM(W79:W82)/(SUM(W79:W82)+SUM(X79:X82)) -> 0 | Z79: =SUM(T79:T82)/(SUM(T79:T82)+SUM(W79:W82)) -> 1 | AC79: =ABS(AC73-AC72) -> 0 | AD79: =(AD72+AD73)/2 -> 0.75 | AE79: =AC79*AD79 -> 0
R80: =IF($Q$66>$Q79,1,0) -> 0 | S80: =$R$66 -> 0 | T80: =IF(AND(R80=1,S80=1),1,0) -> 0 | U80: =IF(AND(R80=0,S80=1),1,0) -> 0 | W80: =IF(AND(R80=1,S80=0),1,0) -> 0 | X80: =IF(AND(R80=0,S80=0),1,0) -> 1 | AC80: =ABS(AC74-AC73) -> 0 | AD80: =(AD73+AD74)/2 -> 1 | AE80: =AC80*AD80 -> 0
R81: =IF($Q$67>$Q79,1,0) -> 1 | S81: =$R$67 -> 1 | T81: =IF(AND(R81=1,S81=1),1,0) -> 1 | U81: =IF(AND(R81=0,S81=1),1,0) -> 0 | W81: =IF(AND(R81=1,S81=0),1,0) -> 0 | X81: =IF(AND(R81=0,S81=0),1,0) -> 0 | AC81: =ABS(AC75-AC74) -> 1 | AD81: =(AD74+AD75)/2 -> 1 | AE81: =AC81*AD81 -> 1
R82: =IF($Q$68>$Q79,1,0) -> 0 | S82: =$R$68 -> 0 | T82: =IF(AND(R82=1,S82=1),1,0) -> 0 | U82: =IF(AND(R82=0,S82=1),1,0) -> 0 | W82: =IF(AND(R82=1,S82=0),1,0) -> 0 | X82: =IF(AND(R82=0,S82=0),1,0) -> 1 | AD82: ROC-AUC | AE82: =SUM(AE78:AE81) -> 1
Q83: 0.25 | R83: =IF($Q$65>$Q83,1,0) -> 1 | S83: =$R$65 -> 1 | T83: =IF(AND(R83=1,S83=1),1,0) -> 1 | U83: =IF(AND(R83=0,S83=1),1,0) -> 0 | V83: =SUM(T83:T86)/(SUM(T83:T86)+SUM(U83:U86)) -> 1 | W83: =IF(AND(R83=1,S83=0),1,0) -> 0 | X83: =IF(AND(R83=0,S83=0),1,0) -> 0 | Y83: =SUM(W83:W86)/(SUM(W83:W86)+SUM(X83:X86)) -> 0 | Z83: =SUM(T83:T86)/(SUM(T83:T86)+SUM(W83:W86)) -> 1
R84: =IF($Q$66>$Q83,1,0) -> 0 | S84: =$R$66 -> 0 | T84: =IF(AND(R84=1,S84=1),1,0) -> 0 | U84: =IF(AND(R84=0,S84=1),1,0) -> 0 | W84: =IF(AND(R84=1,S84=0),1,0) -> 0 | X84: =IF(AND(R84=0,S84=0),1,0) -> 1 | AB84: Pers 2.126 | AC84: base | AD84: height | AE84: area
R85: =IF($Q$67>$Q83,1,0) -> 1 | S85: =$R$67 -> 1 | T85: =IF(AND(R85=1,S85=1),1,0) -> 1 | U85: =IF(AND(R85=0,S85=1),1,0) -> 0 | W85: =IF(AND(R85=1,S85=0),1,0) -> 0 | X85: =IF(AND(R85=0,S85=0),1,0) -> 0 | AB85: PR | AC85: =ABS(AD72-AD71) -> 0 | AD85: =(AE71+AE72)/2 -> 1 | AE85: =AC85*AD85 -> 0
R86: =IF($Q$68>$Q83,1,0) -> 0 | S86: =$R$68 -> 0 | T86: =IF(AND(R86=1,S86=1),1,0) -> 0 | U86: =IF(AND(R86=0,S86=1),1,0) -> 0 | W86: =IF(AND(R86=1,S86=0),1,0) -> 0 | X86: =IF(AND(R86=0,S86=0),1,0) -> 1 | AC86: =ABS(AD73-AD72) -> 0.5 | AD86: =(AE72+AE73)/2 -> 1 | AE86: =AC86*AD86 -> 0.5
Q87: 0 | R87: =IF($Q$65>$Q87,1,0) -> 1 | S87: =$R$65 -> 1 | T87: =IF(AND(R87=1,S87=1),1,0) -> 1 | U87: =IF(AND(R87=0,S87=1),1,0) -> 0 | V87: =SUM(T87:T90)/(SUM(T87:T90)+SUM(U87:U90)) -> 1 | W87: =IF(AND(R87=1,S87=0),1,0) -> 0 | X87: =IF(AND(R87=0,S87=0),1,0) -> 0 | Y87: =SUM(W87:W90)/(SUM(W87:W90)+SUM(X87:X90)) -> 1 | Z87: =SUM(T87:T90)/(SUM(T87:T90)+SUM(W87:W90)) -> 0.5 | AC87: =ABS(AD74-AD73) -> 0 | AD87: =(AE73+AE74)/2 -> 1 | AE87: =AC87*AD87 -> 0
R88: =IF($Q$66>$Q87,1,0) -> 1 | S88: =$R$66 -> 0 | T88: =IF(AND(R88=1,S88=1),1,0) -> 0 | U88: =IF(AND(R88=0,S88=1),1,0) -> 0 | W88: =IF(AND(R88=1,S88=0),1,0) -> 1 | X88: =IF(AND(R88=0,S88=0),1,0) -> 0 | AC88: =ABS(AD75-AD74) -> 0 | AD88: =(AE74+AE75)/2 -> 0.75 | AE88: =AC88*AD88 -> 0
R89: =IF($Q$67>$Q87,1,0) -> 1 | S89: =$R$67 -> 1 | T89: =IF(AND(R89=1,S89=1),1,0) -> 1 | U89: =IF(AND(R89=0,S89=1),1,0) -> 0 | W89: =IF(AND(R89=1,S89=0),1,0) -> 0 | X89: =IF(AND(R89=0,S89=0),1,0) -> 0 | AD89: PR-AUC | AE89: =SUM(AE85:AE88) -> 0.5
R90: =IF($Q$68>$Q87,1,0) -> 1 | S90: =$R$68 -> 0 | T90: =IF(AND(R90=1,S90=1),1,0) -> 0 | U90: =IF(AND(R90=0,S90=1),1,0) -> 0 | W90: =IF(AND(R90=1,S90=0),1,0) -> 1 | X90: =IF(AND(R90=0,S90=0),1,0) -> 0 | AB90: (Fawcett, 2006)
AB92: Pers 2.127
AB93: MAKRO
AB94: PR-AUC | AC94: =AVERAGE(AE29,AE59,AE89) -> 0.54166667
AB95: ROC-AUC | AC95: =AVERAGE(AE22,AE52,AE82) -> 0.94444444

Sheet ||
B2: SHEET PENGHITUNGAN NUMERIK:
C3: DATA
C4: FRONTEND | E4: Feed-forward saja
C5: CNN-BE | E5: Termasuk backprop sampai front-end
C6: GRU-BE | E6: Termasuk backprop sampai front-end
C7: ATTN-BE | E7: Termasuk backprop sampai front-end
C8: EVAL | E8: Penghitungan PR-AUC dan ROC-AUC
B11: SHEET DRAFT:
C12: CONVTEST
C13: GRU
C14: LMSPEC

Sheet CONVTEST
M2: 1 | N2: 2 | O2: 3 | Q2: 0 | R2: 0 | S2: 1 | U2: {=MMULT(M2:O4,Q2:S4)} -> 3 | V2: 2 | W2: 1
M3: 4 | N3: 5 | O3: 6 | Q3: 0 | R3: 1 | S3: 0 | U3: 6 | V3: 5 | W3: 4
M4: 7 | N4: 8 | O4: 9 | Q4: 1 | R4: 0 | S4: 0 | U4: 9 | V4: 8 | W4: 7
U6: {=MMULT(Q2:S4,_xlfn.ANCHORARRAY(U2))} -> 9 | V6: 8 | W6: 7
U7: 6 | V7: 5 | W7: 4
U8: 3 | V8: 2 | W8: 1
M10: 1 | N10: 2 | P10: 0 | Q10: 1 | U10: {=MMULT(M10:N12,P10:Q11)} -> 2 | V10: 1
M11: 3 | N11: 4 | P11: 1 | Q11: 0 | U11: 4 | V11: 3
M12: 5 | N12: 6 | U12: 6 | V12: 5
P14: 0 | Q14: 0 | R14: 1 | U14: {=MMULT(P14:R16,_xlfn.ANCHORARRAY(U10))} -> 6 | V14: 5
P15: 0 | Q15: 1 | R15: 0 | U15: 4 | V15: 3
P16: 1 | Q16: 0 | R16: 0 | U16: 2 | V16: 1

Sheet GRU
C2: FROM FRONTEND | H2: INPUT ACTUAL | O2: W_IR | Q2: W_IZ | S2: W_IN | U2: W_HR | W2: W_HZ | Y2: W_HN
B3: X_1 | C3: 0.36658696 | D3: 0.80304604 | H3: {=TRANSPOSE(C3:D8)} -> 0.36658696 | I3: 0.056083031 | J3: 0.5194839 | K3: 0.52495869 | L3: 0.82312109 | M3: 0.060205 | O3: 0.91938925 | P3: 0.35748573 | Q3: 0.56229585 | R3: 0.71917672 | S3: 0.6704703 | T3: 0.510617 | U3: 0.13692828 | V3: 0.95281413 | W3: 0.95806755 | X3: 0.94447737 | Y3: 0.93497474 | Z3: 0.510617
B4: X_2 | C4: 0.056083031 | D4: 0.098064151 | H4: 0.80304604 | I4: 0.098064151 | J4: 0.50222489 | K4: 0.62184138 | L4: 0.68277586 | M4: 0.62560616 | O4: 0.11995845 | P4: 0.92864037 | Q4: 0.4511665 | R4: 0.39489552 | S4: 0.38955106 | T4: 0.30089049 | U4: 0.82196786 | V4: 0.75416977 | W4: 0.47316292 | X4: 0.69846533 | Y4: 0.6944753 | Z4: 0.30089049
B5: X_3 | C5: 0.5194839 | D5: 0.50222489 | H5: {=TRANSPOSE(B3:B8)} -> X_1 | I5: X_2 | J5: X_3 | K5: X_4 | L5: X_5 | M5: X_6
B6: X_4 | C6: 0.52495869 | D6: 0.62184138 | O6: H_0^T | S6: H_0
B7: X_5 | C7: 0.82312109 | D7: 0.68277586 | O7: 0.86561985 | P7: 0.32985385 | R7: J_0,n | S7: {=TRANSPOSE(O7:P8)} -> 0.86561985 | T7: 0.60288218
B8: X_6 | C8: 0.060205 | D8: 0.62560616 | O8: 0.60288218 | P8: 0.033538313 | R8: J_1,n | S8: 0.32985385 | T8: 0.033538313
O9: ^(0) | P9: ^(1)
C10: NUM_LAYERS=2 | H10: NUM_LAYERS=1
C11: R_1 | D11: at H_0^(0)
C12: WIRXT | D12: WHRHT-1 | E12: SUM
C13: {=MMULT(O$3:P$4,H$3:H$4)} -> 0.62411362 | D13: {=MMULT($U$3:$V$4,$O$7:$O$8)} -> 0.6929625 | E13: =SUM(C13:D13) -> 1.3170761
C14: 0.78971617 | D14: 1.1661872 | E14: =SUM(C14:D14) -> 1.9559034
C16: Z_1
C17: WIZXT | D17: WHZHT-1 | E17: SUM
C18: {=MMULT($Q$3:$R$4,$H$3:$H$4)} -> 0.78366234 | D18: {=MMULT($W$3:$X$4,$O$7:$O$8)} -> 1.3987309 | E18: =SUM(C18:D18) -> 2.1823932
C19: 0.48251104 | D19: 0.83067152 | E19: =SUM(C19:D19) -> 1.3131826
C21: N_1
C22: WINXT | D22: RT HT-1 | E22: WHN RTHT-1 | F22: SUM
C23: {=MMULT($S$3:$T$4,$H$3:$H$4)} -> 0.65583463 | D23: =$E13*$O$7 -> 1.1400872 | E23: {=MMULT($Y$3:$Z$4,$D$23:$D$24)} -> 1.6680617 | F23: =SUM(C23,E23) -> 2.3238964
C24: 0.38443326 | D24: =$E14*$O$8 -> 1.1791793 | E24: 1.1465663 | F24: =SUM(C24,E24) -> 1.5309995
D25: (hadamard)
C27: H_1
C28: 1-ZT | D28: 1-ZT NT | E28: ZT HT-1 | F28: SUM
C29: {=1-$E18:$E19} -> -1.1823932 | D29: =$C29*$F23 -> -2.7477593 | E29: =$E18*$O7 -> 1.8891229 | F29: =SUM(D29:E29) -> -0.8586364
C30: -0.31318256 | D30: =$C30*$F24 -> -0.47948235 | E30: =$E19*$O8 -> 0.79169437 | F30: =SUM(D30:E30) -> 0.31221202
D31: (hadamard) | E31: (hadamard) | F31: ^(0)
C34: R_1 | D34: at H_0^(1)
C35: WIRXT | D35: WHRHT-1 | E35: SUM
C36: {=MMULT(O$3:P$4,H$3:H$4)} -> 0.62411362 | D36: {=MMULT($U$3:$V$4,$P$7:$P$8)} -> 0.077122098 | E36: =SUM(C36:D36) -> 0.70123571
C37: 0.78971617 | D37: 0.29642284 | E37: =SUM(C37:D37) -> 1.086139
C39: Z_1
C40: WIZXT | D40: WHZHT-1 | E40: SUM
C41: {=MMULT($Q$3:$R$4,$H$3:$H$4)} -> 0.78366234 | D41: {=MMULT($W$3:$X$4,$P$7:$P$8)} -> 0.34769844 | E41: =SUM(C41:D41) -> 1.1313608
C42: 0.48251104 | D42: 0.17949996 | E42: =SUM(C42:D42) -> 0.662011
C44: N_1
C45: WINXT | D45: RT HT-1 | E45: WHN RTHT-1 | F45: SUM
C46: {=MMULT($S$3:$T$4,$H$3:$H$4)} -> 0.65583463 | D46: =$E36*$P$7 -> 0.2313053 | E46: {=MMULT($Y$3:$Z$4,$D$46:$D$47)} -> 0.23486499 | F46: =SUM(C46,E46) -> 0.89069962
C47: 0.38443326 | D47: =$E37*$P$8 -> 0.03642727 | E47: 0.17159644 | F47: =SUM(C47,E47) -> 0.55602969
D48: (hadamard)
C50: H_1
C51: 1-ZT | D51: 1-ZT NT | E51: ZT HT-1 | F51: SUM
C52: {=1-$E41:$E42} -> -0.13136079 | D52: =$C52*$F46 -> -0.117003 | E52: =$E41*$P$7 -> 0.37318371 | F52: =SUM(D52:E52) -> 0.25618071
C53: 0.337989 | D53: =$C53*$F47 -> 0.18793192 | E53: =$E42*$P$8 -> 0.022202732 | F53: =SUM(D53:E53) -> 0.21013465
D54: (hadamard) | E54: (hadamard) | F54: ^(1)

Sheet LMSPEC
B2: DATA | C2: =RAND() -> 0.67813416 | D2: =RAND() -> 0.35754395 | E2: =RAND() -> 0.39269569 | F2: =RAND() -> 0.66205637 | G2: =RAND() -> 0.9230528 | H2: =RAND() -> 0.42754902 | I2: =RAND() -> 0.95685925 | J2: =RAND() -> 0.98811831 | ... Z2: =RAND() -> 0.75861367
B3: SAMPLE | C3: 1 | D3: 2 | E3: 3 | F3: 4 | G3: 5 | H3: 6 | I3: 7 | J3: 8 | K3: 9 | L3: 10 | M3: 11 | N3: 12 | O3: 13 | P3: 14 | Q3: 15 | R3: 16 | S3: 17 | T3: 18 | U3: 19 | V3: 20 | W3: 21 | X3: 22 | Y3: 23 | Z3: 24

Sheet PEMATRX
B2: d_model | C2: =COUNT(C3:BU4) -> 20
B3: i_sin | C3: 0 | D3: 1 | E3: 2 | F3: 3 | G3: 4 | H3: 5 | I3: 6 | J3: 7 | K3: 8 | L3: 9
B4: i_cos | C4: 0 | D4: 1 | E4: 2 | F4: 3 | G4: 4 | H4: 5 | I4: 6 | J4: 7 | K4: 8 | L4: 9
C6: PE matrix
B7: pos | C7: sin | D7: cos | E7: sin | F7: cos | G7: etc.
B8: 0 | C8: =SIN($B8/POWER(10000,(2*$C$3/$C$2))) -> 0 | D8: =COS($B8/POWER(10000,(2*$C$4/$C$2))) -> 1 | E8: =SIN($B8/POWER(10000,(2*$D$3/$C$2))) -> 0 | F8: =COS($B8/POWER(10000,(2*$D$4/$C$2))) -> 1 | G8: =SIN($B8/POWER(10000,(2*$E$3/$C$2))) -> 0 | H8: =COS($B8/POWER(10000,(2*$E$4/$C$2))) -> 1 | I8: =SIN($B8/POWER(10000,(2*$F$3/$C$2))) -> 0 | J8: =COS($B8/POWER(10000,(2*$F$4/$C$2))) -> 1
B9: 1 | C9: =SIN($B9/POWER(10000,(2*$C$3/$C$2))) -> 0.84147098 | D9: =COS($B9/POWER(10000,(2*$C$4/$C$2))) -> 0.54030231 | E9: =SIN($B9/POWER(10000,(2*$D$3/$C$2))) -> 0.38767423 | F9: =COS($B9/POWER(10000,(2*$D$4/$C$2))) -> 0.92179645 | G9: =SIN($B9/POWER(10000,(2*$E$3/$C$2))) -> 0.15782664 | H9: =COS($B9/POWER(10000,(2*$E$4/$C$2))) -> 0.98746684 | I9: =SIN($B9/POWER(10000,(2*$F$3/$C$2))) -> 0.063053878 | J9: =COS($B9/POWER(10000,(2*$F$4/$C$2))) -> 0.99801012
B10: 2 | C10: =SIN($B10/POWER(10000,(2*$C$3/$C$2))) -> 0.90929743 | D10: =COS($B10/POWER(10000,(2*$C$4/$C$2))) -> -0.41614684 | E10: =SIN($B10/POWER(10000,(2*$D$3/$C$2))) -> 0.71471346 | F10: =COS($B10/POWER(10000,(2*$D$4/$C$2))) -> 0.69941738 | G10: =SIN($B10/POWER(10000,(2*$E$3/$C$2))) -> 0.31169715 | H10: =COS($B10/POWER(10000,(2*$E$4/$C$2))) -> 0.9501815 | I10: =SIN($B10/POWER(10000,(2*$F$3/$C$2))) -> 0.12585682 | J10: =COS($B10/POWER(10000,(2*$F$4/$C$2))) -> 0.99204842
B11: 3 | C11: =SIN($B11/POWER(10000,(2*$C$3/$C$2))) -> 0.14112001 | D11: =COS($B11/POWER(10000,(2*$C$4/$C$2))) -> -0.9899925 | E11: =SIN($B11/POWER(10000,(2*$D$3/$C$2))) -> 0.92996643 | F11: =COS($B11/POWER(10000,(2*$D$4/$C$2))) -> 0.36764446 | G11: =SIN($B11/POWER(10000,(2*$E$3/$C$2))) -> 0.45775455 | H11: =COS($B11/POWER(10000,(2*$E$4/$C$2))) -> 0.88907861 | I11: =SIN($B11/POWER(10000,(2*$F$3/$C$2))) -> 0.18815888 | J11: =COS($B11/POWER(10000,(2*$F$4/$C$2))) -> 0.9821386
B12: 4 | C12: =SIN($B12/POWER(10000,(2*$C$3/$C$2))) -> -0.7568025 | D12: =COS($B12/POWER(10000,(2*$C$4/$C$2))) -> -0.65364362 | E12: =SIN($B12/POWER(10000,(2*$D$3/$C$2))) -> 0.99976603 | F12: =COS($B12/POWER(10000,(2*$D$4/$C$2))) -> -0.021630668 | G12: =SIN($B12/POWER(10000,(2*$E$3/$C$2))) -> 0.59233773 | H12: =COS($B12/POWER(10000,(2*$E$4/$C$2))) -> 0.80568978 | I12: =SIN($B12/POWER(10000,(2*$F$3/$C$2))) -> 0.24971211 | J12: =COS($B12/POWER(10000,(2*$F$4/$C$2))) -> 0.96832012
B13: 5 | C13: =SIN($B13/POWER(10000,(2*$C$3/$C$2))) -> -0.95892427 | D13: =COS($B13/POWER(10000,(2*$C$4/$C$2))) -> 0.28366219 | E13: =SIN($B13/POWER(10000,(2*$D$3/$C$2))) -> 0.91319512 | F13: =COS($B13/POWER(10000,(2*$D$4/$C$2))) -> -0.4075226 | G13: =SIN($B13/POWER(10000,(2*$E$3/$C$2))) -> 0.71207317 | H13: =COS($B13/POWER(10000,(2*$E$4/$C$2))) -> 0.70210526 | I13: =SIN($B13/POWER(10000,(2*$F$3/$C$2))) -> 0.31027156 | J13: =COS($B13/POWER(10000,(2*$F$4/$C$2))) -> 0.95064797
B14: 6 | C14: =SIN($B14/POWER(10000,(2*$C$3/$C$2))) -> -0.2794155 | D14: =COS($B14/POWER(10000,(2*$C$4/$C$2))) -> 0.96017029 | E14: =SIN($B14/POWER(10000,(2*$D$3/$C$2))) -> 0.683794 | F14: =COS($B14/POWER(10000,(2*$D$4/$C$2))) -> -0.72967511 | G14: =SIN($B14/POWER(10000,(2*$E$3/$C$2))) -> 0.81395955 | H14: =COS($B14/POWER(10000,(2*$E$4/$C$2))) -> 0.58092155 | I14: =SIN($B14/POWER(10000,(2*$F$3/$C$2))) -> 0.36959619 | J14: =COS($B14/POWER(10000,(2*$F$4/$C$2))) -> 0.92919247
B15: 7 | C15: =SIN($B15/POWER(10000,(2*$C$3/$C$2))) -> 0.6569866 | D15: =COS($B15/POWER(10000,(2*$C$4/$C$2))) -> 0.75390225 | E15: =SIN($B15/POWER(10000,(2*$D$3/$C$2))) -> 0.34744264 | F15: =COS($B15/POWER(10000,(2*$D$4/$C$2))) -> -0.93770124 | G15: =SIN($B15/POWER(10000,(2*$E$3/$C$2))) -> 0.89544296 | H15: =COS($B15/POWER(10000,(2*$E$4/$C$2))) -> 0.44517626 | I15: =SIN($B15/POWER(10000,(2*$F$3/$C$2))) -> 0.42744993 | J15: =COS($B15/POWER(10000,(2*$F$4/$C$2))) -> 0.90403902
B16: 8 | C16: =SIN($B16/POWER(10000,(2*$C$3/$C$2))) -> 0.98935825 | D16: =COS($B16/POWER(10000,(2*$C$4/$C$2))) -> -0.14550003 | E16: =SIN($B16/POWER(10000,(2*$D$3/$C$2))) -> -0.043251215 | F16: =COS($B16/POWER(10000,(2*$D$4/$C$2))) -> -0.99906423 | G16: =SIN($B16/POWER(10000,(2*$E$3/$C$2))) -> 0.9544809 | H16: =COS($B16/POWER(10000,(2*$E$4/$C$2))) -> 0.29827204 | I16: =SIN($B16/POWER(10000,(2*$F$3/$C$2))) -> 0.48360253 | J16: =COS($B16/POWER(10000,(2*$F$4/$C$2))) -> 0.87528772
B17: 9 | C17: =SIN($B17/POWER(10000,(2*$C$3/$C$2))) -> 0.41211849 | D17: =COS($B17/POWER(10000,(2*$C$4/$C$2))) -> -0.91113026 | E17: =SIN($B17/POWER(10000,(2*$D$3/$C$2))) -> -0.42718028 | F17: =COS($B17/POWER(10000,(2*$D$4/$C$2))) -> -0.90416647 | G17: =SIN($B17/POWER(10000,(2*$E$3/$C$2))) -> 0.98959351 | H17: =COS($B17/POWER(10000,(2*$E$4/$C$2))) -> 0.14389123 | I17: =SIN($B17/POWER(10000,(2*$F$3/$C$2))) -> 0.5378305 | J17: =COS($B17/POWER(10000,(2*$F$4/$C$2))) -> 0.84305299
B18: 10 | C18: =SIN($B18/POWER(10000,(2*$C$3/$C$2))) -> -0.54402111 | D18: =COS($B18/POWER(10000,(2*$C$4/$C$2))) -> -0.83907153 | E18: =SIN($B18/POWER(10000,(2*$D$3/$C$2))) -> -0.74429531 | F18: =COS($B18/POWER(10000,(2*$D$4/$C$2))) -> -0.66785066 | G18: =SIN($B18/POWER(10000,(2*$E$3/$C$2))) -> 0.99990064 | H18: =COS($B18/POWER(10000,(2*$E$4/$C$2))) -> -0.014096399 | I18: =SIN($B18/POWER(10000,(2*$F$3/$C$2))) -> 0.58991805 | J18: =COS($B18/POWER(10000,(2*$F$4/$C$2))) -> 0.80746312
B19: 11 | C19: =SIN($B19/POWER(10000,(2*$C$3/$C$2))) -> -0.99999021 | D19: =COS($B19/POWER(10000,(2*$C$4/$C$2))) -> 0.004425698 | E19: =SIN($B19/POWER(10000,(2*$D$3/$C$2))) -> -0.94499726 | F19: =COS($B19/POWER(10000,(2*$D$4/$C$2))) -> -0.32707825 | G19: =SIN($B19/POWER(10000,(2*$E$3/$C$2))) -> 0.98514393 | H19: =COS($B19/POWER(10000,(2*$E$4/$C$2))) -> -0.17173068 | I19: =SIN($B19/POWER(10000,(2*$F$3/$C$2))) -> 0.63965787 | J19: =COS($B19/POWER(10000,(2*$F$4/$C$2))) -> 0.76865975
... B23: 15 | C23: =SIN($B23/POWER(10000,(2*$C$3/$C$2))) -> 0.65028784 | D23: =COS($B23/POWER(10000,(2*$C$4/$C$2))) -> -0.75968791 | E23: =SIN($B23/POWER(10000,(2*$D$3/$C$2))) -> -0.3065608 | F23: =COS($B23/POWER(10000,(2*$D$4/$C$2))) -> 0.95185108 | G23: =SIN($B23/POWER(10000,(2*$E$3/$C$2))) -> 0.69199784 | H23: =COS($B23/POWER(10000,(2*$E$4/$C$2))) -> -0.72189957 | I23: =SIN($B23/POWER(10000,(2*$F$3/$C$2))) -> 0.81133723 | J23: =COS($B23/POWER(10000,(2*$F$4/$C$2))) -> 0.58457839

Sheet CNN-BE2
C2: CONCATENATE | I2: FEED-FORWARD | M2: FEED-FORWARD | U2: BACKPROPAGATION | AA2: BACKPROPAGATION
C3: 1 | D3: 2 | I3: KONVOLUSI VERTIKAL | M3: CLASSIFIER | U3: CLASSIFIER | AA3: BACK-END | AI3: 0 | AJ3: 0 | AK3: 0 | AL3: 0 | AM3: 0 | AN3: 0 | AO3: 0 | AP3: 0
B4: 1 | C4: {=FRONTEND!M49:N54} -> 4.0296677 | D4: 1.4261842 | AI4: 0 | AJ4: 0 | AK4: 0 | AL4: 0 | AM4: 0 | AN4: 0 | AO4: 0 | AP4: 0
B5: 2 | C5: 3.1757752 | D5: 0.83446165 | I5: KERNEL | M5: INPUT | P5: BOBOT | U5: L wrt y_n | V5: Pers 2.96 | AA5: KE RELU | AB5: Pers 2.25 | AI5: 0 | AJ5: 0 | AK5: 0 | AL5: 0 | AM5: 0 | AN5: 0 | AO5: 0 | AP5: 0
B6: 3 | C6: 3.3789276 | D6: 1.839316 | I6: 1 | J6: 2 | M6: 1 | P6: 1 | Q6: 2 | R6: 3 | U6: 1 | AA6: 1 | AB6: 2 | AI6: 0 | AJ6: 0 | AK6: 0 | AL6: =C4 -> 4.0296677 | AM6: =D4 -> 1.4261842 | AN6: 0 | AO6: 0 | AP6: 0
B7: 4 | C7: 1.5094132 | D7: 0.40501336 | H7: 1 | I7: -0.204 | J7: -0.74 | L7: 1 | M7: =I55 -> 3.7265026 | O7: 1 | P7: -0.134 | Q7: -0.671 | R7: -0.778 | T7: 1 | U7: =-1/3*((2/(1+DATA!$I$16))*N34/M28-((2*DATA!$I$16)/(1+DATA!$I$16))*(1-N34)*(1-M28)) -> -4.0688556 | Z7: 1 | AA7: =U75*IF(U75>0,1,0) -> 0.25854998 | AB7: =V75*IF(V75>0,1,0) -> 0.024897186 | AI7: 0 | AJ7: 0 | AK7: 0 | AL7: =C5 -> 3.1757752 | AM7: =D5 -> 0.83446165 | AN7: 0 | AO7: 0 | AP7: 0
B8: 5 | C8: 4.5198657 | D8: 0.53701995 | H8: 2 | I8: 0.805 | J8: -0.977 | L8: 2 | M8: =I56 -> 2.3298871 | O8: 2 | P8: -0.945 | Q8: -0.04 | R8: 0.991 | T8: 2 | U8: =-1/3*((2/(1+DATA!$I$16))*N35/M29-((2*DATA!$I$16)/(1+DATA!$I$16))*(1-N35)*(1-M29)) -> 0.065508776 | Z8: 2 | AA8: =U76*IF(U76>0,1,0) -> 0 | AB8: =V76*IF(V76>0,1,0) -> 0.18325926 | AI8: 0 | AJ8: 0 | AK8: 0 | AL8: =C6 -> 3.3789276 | AM8: =D6 -> 1.839316 | AN8: 0 | AO8: 0 | AP8: 0
B9: 6 | C9: 3.0540707 | D9: 1.2588938 | H9: 3 | I9: 0.516 | J9: -0.914 | L9: 3 | M9: =I57 -> 2.5194061 | O9: 3 | P9: -0.62 | Q9: 0.312 | R9: -0.121 | T9: 3 | U9: =-1/3*((2/(1+DATA!$I$16))*N36/M30-((2*DATA!$I$16)/(1+DATA!$I$16))*(1-N36)*(1-M30)) -> -0.93466621 | Z9: 3 | AA9: =U77*IF(U77>0,1,0) -> 0 | AB9: =V77*IF(V77>0,1,0) -> 0.18675868 | AI9: 0 | AJ9: 0 | AK9: 0 | AL9: =C7 -> 1.5094132 | AM9: =D7 -> 0.40501336 | AN9: 0 | AO9: 0 | AP9: 0
B10: DARI FRONT-END | L10: 4 | M10: =I58 -> 1.6103989 | O10: 4 | P10: -0.291 | Q10: -0.202 | R10: 0.186 | Z10: 4 | AA10: =U78*IF(U78>0,1,0) -> 0.010964669 | AB10: =V78*IF(V78>0,1,0) -> 0 | AI10: 0 | AJ10: 0 | AK10: 0 | AL10: =C8 -> 4.5198657 | AM10: =D8 -> 0.53701995 | AN10: 0 | AO10: 0 | AP10: 0
I11: BIAS | L11: 5 | M11: =I59 -> 3.9314647 | O11: 5 | P11: -0.577 | Q11: -0.185 | R11: 0.173 | Z11: 5 | AA11: =U79*IF(U79>0,1,0) -> 0.19633818 | AB11: =V79*IF(V79>0,1,0) -> 0 | AI11: 0 | AJ11: 0 | AK11: 0 | AL11: =C9 -> 3.0540707 | AM11: =D9 -> 1.2588938 | AN11: 0 | AO11: 0 | AP11: 0
C12: CONCATENATE PADDING | I12: 1 | L12: 6 | M12: =I60 -> 1.9038575 | O12: 6 | P12: 0.572 | Q12: 0.892 | R12: 0.757 | T12: Pers 2.99 | U12: KE SIGMOID | Z12: 6 | AA12: =U80*IF(U80>0,1,0) -> 0.040735369 | AB12: =V80*IF(V80>0,1,0) -> 0 | AI12: 0 | AJ12: 0 | AK12: 0 | AL12: 0 | AM12: 0 | AN12: 0 | AO12: 0 | AP12: 0
C13: 1 | D13: 2 | E13: 3 | H13: 1 | I13: 1 | L13: 7 | M13: =I61 -> 3.1525815 | O13: 7 | P13: -0.21 | Q13: -0.863 | R13: 0.252 | U13: 1 | AI13: 0 | AJ13: 0 | AK13: 0 | AL13: 0 | AM13: 0 | AN13: 0 | AO13: 0 | AP13: 0
B14: 1 | C14: 0 | D14: 0 | E14: 0 | L14: 8 | M14: =I62 -> 1.6280402 | O14: 8 | P14: 0.549 | Q14: 0.185 | R14: -0.508 | T14: 1 | U14: =-1/3*((2/(1+DATA!$I$16))*N34*(1-M28)-((2*DATA!$I$16)/(1+DATA!$I$16))*(1-N34)*M28) -> -0.50990087 | AA14: KERNEL | AB14: Pers 2.26 | AE14: BIAS | AF14: Pers 2.27 | AI14: 0 | AJ14: 0 | AK14: 0 | AL14: 0 | AM14: 0 | AN14: 0 | AO14: 0 | AP14: 0
B15: 2 | C15: =C4 -> 4.0296677 | D15: =D4 -> 1.4261842 | E15: 0 | I15: HASIL | J15: Pers 2.23 | L15: 9 | M15: =I63 -> 1.7928732 | O15: 9 | P15: 0.99 | Q15: -0.947 | R15: -0.905 | T15: 2 | U15: =-1/3*((2/(1+DATA!$I$16))*N35*(1-M29)-((2*DATA!$I$16)/(1+DATA!$I$16))*(1-N35)*M29) -> 0.0034567412 | AA15: 1 | AB15: 2 | AE15: 1 | AI15: Catatan: ini adalah matriks hasil concatenate dari front-end saat feed-forward
B16: 3 | C16: =C5 -> 3.1757752 | D16: =D5 -> 0.83446165 | E16: 0 | I16: 1 | J16: 2 | L16: 10 | M16: =I64 -> 1.4191583 | O16: 10 | P16: 0.469 | Q16: 0.365 | R16: -0.207 | T16: 3 | U16: =-1/3*((2/(1+DATA!$I$16))*N36*(1-M30)-((2*DATA!$I$16)/(1+DATA!$I$16))*(1-N36)*M30) -> -0.21548271 | Z16: 1 | AA16: {=I7-M39*SUM($AA$7:$AB$12*AL5:AM10)} -> -0.29747271 | AB16: {=J7-N39*SUM($AA$7:$AB$12*AM5:AN10)} -> -0.74 | AD16: 1 | AE16: =I13-M39*SUM(AA7:AB12) -> 0.90984967
B17: 4 | C17: =C6 -> 3.3789276 | D17: =D6 -> 1.839316 | E17: 0 | H17: 1 | I17: {=SUM(C14:D16*$I$7:$J$9)+$I$13} -> 3.7265026 | J17: {=SUM(D14:E16*$I$7:$J$9)+$I$13} -> 2.5786605 | L17: 11 | M17: =I65 -> 2.9653661 | O17: 11 | P17: 0.241 | Q17: 0.486 | R17: -0.006 | Z17: 2 | AA17: {=I8-M40*SUM($AA$7:$AB$12*AL6:AM11)} -> 0.805 | AB17: {=J8-N40*SUM($AA$7:$AB$12*AM6:AN11)} -> -0.977 | AI17: 0 | AJ17: 0 | AK17: 0 | AL17: 0 | AM17: 0 | AN17: 0 | AO17: 0 | AP17: 0 | AS17: 0 | AT17: 1
B18: 5 | C18: =C7 -> 1.5094132 | D18: =D7 -> 0.40501336 | E18: 0 | H18: 2 | I18: {=SUM(C15:D17*$I$7:$J$9)+$I$13} -> 0.92619334 | J18: {=SUM(D15:E17*$I$7:$J$9)+$I$13} -> 2.3298871 | L18: 12 | M18: =I66 -> 1.4064989 | O18: 12 | P18: -0.167 | Q18: -0.442 | R18: 0.01 | Z18: 3 | AA18: {=I9-M41*SUM($AA$7:$AB$12*AL7:AM12)} -> 0.516 | AB18: {=J9-N41*SUM($AA$7:$AB$12*AM7:AN12)} -> -0.914 | AI18: 0 | AJ18: 0 | AK18: 0 | AL18: 0 | AM18: 0 | AN18: 0 | AO18: 0 | AP18: 0 | AS18: 1 | AT18: 0
B19: 6 | C19: =C8 -> 4.5198657 | D19: =D8 -> 0.53701995 | E19: 0 | H19: 3 | I19: {=SUM(C16:D18*$I$7:$J$9)+$I$13} -> 1.0663402 | J19: {=SUM(D16:E18*$I$7:$J$9)+$I$13} -> 2.5194061 | U19: BOBOT | V19: Pers 2.100 | AI19: 0 | AJ19: 0 | AK19: 0 | AL19: 0 | AM19: 0 | AN19: 0 | AO19: 0 | AP19: 0
B20: 7 | C20: =C9 -> 3.0540707 | D20: =D9 -> 1.2588938 | E20: 0 | H20: 4 | I20: {=SUM(C17:D19*$I$7:$J$9)+$I$13} -> 1.6103989 | J20: {=SUM(D17:E19*$I$7:$J$9)+$I$13} -> 1.2279176 | M20: OUTPUT | N20: Pers 2.94 | P20: BIAS | U20: 1 | V20: 2 | W20: 3 | AA20: KE FRONT-END | AC20: Pers 2.31 | AI20: 0 | AJ20: 0 | AK20: 0 | AL20: {=AA7:AB12} -> 0.25854998 | AM20: 0.024897186 | AN20: 0 | AO20: 0 | AP20: 0 | AS20: 0 | AT20: 0 | AU20: 1
B21: 8 | C21: 0 | D21: 0 | E21: 0 | H21: 5 | I21: {=SUM(C18:D20*$I$7:$J$9)+$I$13} -> 3.9314647 | J21: {=SUM(D18:E20*$I$7:$J$9)+$I$13} -> 1.9992676 | M21: 1 | P21: 1 | T21: 1 | U21: {=P7:P18-$M$39*$U14*$M$7:$M$18} -> 0.05601469 | V21: {=Q7:Q18-$M$39*$U15*$M$7:$M$18} -> -0.67228816 | W21: {=R7:R18-$M$39*$U16*$M$7:$M$18} -> -0.69770031 | AA21: 1 | AB21: 2 | AI21: 0 | AJ21: 0 | AK21: 0 | AL21: 0 | AM21: 0.18325926 | AN21: 0 | AO21: 0 | AP21: 0 | AS21: 0 | AT21: 1 | AU21: 0
H22: 6 | I22: {=SUM(C19:D21*$I$7:$J$9)+$I$13} -> 0.90914028 | J22: {=SUM(D19:E21*$I$7:$J$9)+$I$13} -> 1.9038575 | L22: 1 | M22: {=TRANSPOSE(MMULT(TRANSPOSE(M7:M18),P7:R18)+TRANSPOSE(P22:P24))} -> -1.7591516 | O22: 1 | P22: 1 | T22: 2 | U22: -0.82619885 | V22: -0.040805382 | W22: 1.041205 | Z22: 1 | AA22: {=SUM(MMULT($AS$20:$AU$22,MMULT(AL19:AM21,$AS$17:$AT$18))*$AA$16:$AB$18)} -> -0.28707572 | AB22: {=SUM(MMULT($AS$20:$AU$22,MMULT(AM19:AN21,$AS$17:$AT$18))*$AA$16:$AB$18)} -> -0.1599364 | AI22: 0 | AJ22: 0 | AK22: 0 | AL22: 0 | AM22: 0.18675868 | AN22: 0 | AO22: 0 | AP22: 0 | AS22: 1 | AT22: 0 | AU22: 0
L23: 2 | M23: -2.9418578 | O23: 2 | P23: 1 | T23: 3 | U23: -0.49153526 | V23: 0.31112911 | W23: -0.066711156 | Z23: 2 | AA23: {=SUM(MMULT($AS$20:$AU$22,MMULT(AL20:AM22,$AS$17:$AT$18))*$AA$16:$AB$18)} -> -0.13149964 | AB23: {=SUM(MMULT($AS$20:$AU$22,MMULT(AM20:AN22,$AS$17:$AT$18))*$AA$16:$AB$18)} -> -0.34000174 | AI23: 0 | AJ23: 0 | AK23: 0 | AL23: 0.010964669 | AM23: 0 | AN23: 0 | AO23: 0 | AP23: 0
I24: RELU | J24: Pers 2.24 | L24: 3 | M24: 0.57311162 | O24: 3 | P24: 1 | T24: 4 | U24: -0.20888562 | V24: -0.20255667 | W24: 0.22070131 | Z24: 3 | AA24: {=SUM(MMULT($AS$20:$AU$22,MMULT(AL21:AM23,$AS$17:$AT$18))*$AA$16:$AB$18)} -> 0.23678866 | AB24: {=SUM(MMULT($AS$20:$AU$22,MMULT(AM21:AN23,$AS$17:$AT$18))*$AA$16:$AB$18)} -> -0.34996219 | AI24: 0 | AJ24: 0 | AK24: 0 | AL24: 0.19633818 | AM24: 0 | AN24: 0 | AO24: 0 | AP24: 0
I25: 1 | J25: 2 | T25: 5 | U25: -0.37653427 | V25: -0.18635901 | W25: 0.25771627 | Z25: 4 | AA25: {=SUM(MMULT($AS$20:$AU$22,MMULT(AL22:AM24,$AS$17:$AT$18))*$AA$16:$AB$18)} -> -0.059635256 | AB25: {=SUM(MMULT($AS$20:$AU$22,MMULT(AM22:AN24,$AS$17:$AT$18))*$AA$16:$AB$18)} -> -0.17069743 | AI25: 0 | AJ25: 0 | AK25: 0 | AL25: 0.040735369 | AM25: 0 | AN25: 0 | AO25: 0 | AP25: 0
H26: 1 | I26: =MAX(0,I17) -> 3.7265026 | J26: =MAX(0,J17) -> 2.5786605 | M26: OUTPUT SIGMOID | O26: Pers 2.95 | T26: 6 | U26: 0.66907786 | V26: 0.89134189 | W26: 0.79802484 | Z26: 5 | AA26: {=SUM(MMULT($AS$20:$AU$22,MMULT(AL23:AM25,$AS$17:$AT$18))*$AA$16:$AB$18)} -> -0.23198828 | AB26: {=SUM(MMULT($AS$20:$AU$22,MMULT(AM23:AN25,$AS$17:$AT$18))*$AA$16:$AB$18)} -> 0 | AI26: 0 | AJ26: 0 | AK26: 0 | AL26: 0 | AM26: 0 | AN26: 0 | AO26: 0 | AP26: 0
H27: 2 | I27: =MAX(0,I18) -> 0.92619334 | J27: =MAX(0,J18) -> 2.3298871 | M27: 1 | T27: 7 | U27: -0.049249593 | V27: -0.86408977 | W27: 0.31993268 | Z27: 6 | AA27: {=SUM(MMULT($AS$20:$AU$22,MMULT(AL24:AM26,$AS$17:$AT$18))*$AA$16:$AB$18)} -> -0.21925155 | AB27: {=SUM(MMULT($AS$20:$AU$22,MMULT(AM24:AN26,$AS$17:$AT$18))*$AA$16:$AB$18)} -> 0 | AI27: 0 | AJ27: 0 | AK27: 0 | AL27: 0 | AM27: 0 | AN27: 0 | AO27: 0 | AP27: 0
H28: 3 | I28: =MAX(0,I19) -> 1.0663402 | J28: =MAX(0,J19) -> 2.5194061 | L28: 1 | M28: =1/(1+EXP(-M22)) -> 0.14689662 | N28: gembira | T28: 8 | U28: 0.63201391 | V28: 0.18443723 | W28: -0.47291855 | AI28: 0 | AJ28: 0 | AK28: 0 | AL28: 0 | AM28: 0 | AN28: 0 | AO28: 0 | AP28: 0
H29: 4 | I29: =MAX(0,I20) -> 1.6103989 | J29: =MAX(0,J20) -> 1.2279176 | L29: 2 | M29: =1/(1+EXP(-M23)) -> 0.050122748 | N29: sedih | T29: 9 | U29: 1.0814188 | V29: -0.94761975 | W29: -0.86636668 | AI29: Catatan: matriks gradien RELU di-flip vertikal lalu horizontal sebelum dikalikan dengan kernel
H30: 5 | I30: =MAX(0,I21) -> 3.9314647 | J30: =MAX(0,J21) -> 1.9992676 | L30: 3 | M30: =1/(1+EXP(-M24)) -> 0.63948086 | N30: tegang | T30: 10 | U30: 0.541363 | V30: 0.36450943 | W30: -0.17641959
H31: 6 | I31: =MAX(0,I22) -> 0.90914028 | J31: =MAX(0,J22) -> 1.9038575 | T31: 11 | U31: 0.39220428 | V31: 0.48497495 | W31: 0.057898512
M32: LOSS | O32: Pers 2.122 | T32: 12 | U32: -0.0952825 | V32: -0.44248619 | W32: 0.040307619 | AA32: FRONT-END
I33: MAX-POOLING | M33: 1 | N33: t_n | AA33: KONVOLUSI VERTIKAL
I34: KERNEL 1x2 | J34: Pers 2.92 | L34: n=1 | M34: =((2/(1+DATA!$I$16))*N34*LN(M28)+((2*DATA!$I$16)/(1+DATA!$I$16))*(1-N34)*LN(1-M28)) -> -3.4392194 | N34: 1 | U34: BIAS | V34: Pers 2.101 | AA34: KE MAX-POOLING | AC34: HASIL | AD34: Pers 2.10 | AI34: 0 | AJ34: 0 | AK34: 0 | AL34: 0 | AM34: 0 | AN34: 0 | AO34: 0 | AP34: 0 | AQ34: 0 | AR34: 0 | AS34: 0
E35: 1 | F35: 2 | I35: 1 | L35: 2 | M35: =((2/(1+DATA!$I$17))*N35*LN(M29)+((2*DATA!$I$17)/(1+DATA!$I$17))*(1-N35)*LN(1-M29)) -> -0.039179056 | N35: 0 | U35: 1 | AA35: 1 | AB35: argmax | AC35: 1 | AD35: 2 | AE35: 3 | AF35: 4 | AG35: 5 | AI35: 0 | AJ35: 0 | AK35: 0 | AL35: 0 | AM35: 0 | AN35: 0 | AO35: 0 | AP35: 0 | AQ35: 0 | AR35: 0 | AS35: 0
D36: 1 | E36: =MAX(I26:I31) -> 3.9314647 | F36: =MAX(J26:J31) -> 2.5786605 | H36: 1 | I36: =MAX(I26:J26) -> 3.7265026 | L36: 3 | M36: =((2/(1+DATA!$I$18))*N36*LN(M30)+((2*DATA!$I$18)/(1+DATA!$I$18))*(1-N36)*LN(1-M30)) -> -0.704519 | N36: 1 | T36: 1 | U36: =P22-$M$39*$U14 -> 1.0509901 | Z36: 1 | AA36: =AA22 -> -0.28707572 | AB36: =MATCH(MAX(FRONTEND!M28:Q28),FRONTEND!M28:Q28,0) -> 4 | AC36: =IF($AB36=AC$35,$AA36,0) -> 0 | AD36: =IF($AB36=AD$35,$AA36,0) -> 0 | AE36: =IF($AB36=AE$35,$AA36,0) -> 0 | AF36: =IF($AB36=AF$35,$AA36,0) -> -0.28707572 | AG36: =IF($AB36=AG$35,$AA36,0) -> 0 | AI36: 0 | AJ36: 0 | AK36: 0 | AL36: 0 | AM36: 0 | AN36: 0 | AO36: 0 | AP36: 0 | AQ36: 0 | AR36: 0 | AS36: 0
H37: 2 | I37: =MAX(I27:J27) -> 2.3298871 | L37: avg | M37: =-1*SUM(M34:M36)/3 -> 1.3943058 | T37: 2 | U37: =P23-$M$39*$U15 -> 0.99965433 | Z37: 2 | AA37: =AA23 -> -0.13149964 | AB37: =MATCH(MAX(FRONTEND!M29:Q29),FRONTEND!M29:Q29,0) -> 2 | AC37: =IF($AB37=AC$35,$AA37,0) -> 0 | AD37: =IF($AB37=AD$35,$AA37,0) -> -0.13149964 | AE37: =IF($AB37=AE$35,$AA37,0) -> 0 | AF37: =IF($AB37=AF$35,$AA37,0) -> 0 | AG37: =IF($AB37=AG$35,$AA37,0) -> 0 | AI37: 0 | AJ37: 0 | AK37: 0 | AL37: {=FRONTEND!B4:F9} -> 0.098070128 | AM37: 0.76989837 | AN37: 1.0888675 | AO37: 0.41864133 | AP37: -0.54807215 | AQ37: 0 | AR37: 0 | AS37: 0
H38: 3 | I38: =MAX(I28:J28) -> 2.5194061 | T38: 3 | U38: =P24-$M$39*$U16 -> 1.0215483 | Z38: 3 | AA38: =AA24 -> 0.23678866 | AB38: =MATCH(MAX(FRONTEND!M30:Q30),FRONTEND!M30:Q30,0) -> 3 | AC38: =IF($AB38=AC$35,$AA38,0) -> 0 | AD38: =IF($AB38=AD$35,$AA38,0) -> 0 | AE38: =IF($AB38=AE$35,$AA38,0) -> 0.23678866 | AF38: =IF($AB38=AF$35,$AA38,0) -> 0 | AG38: =IF($AB38=AG$35,$AA38,0) -> 0 | AI38: 0 | AJ38: 0 | AK38: 0 | AL38: 0.39479458 | AM38: 0.76298403 | AN38: -1.5092547 | AO38: 0.78695236 | AP38: -1.6514231 | AQ38: 0 | AR38: 0 | AS38: 0
H39: 4 | I39: =MAX(I29:J29) -> 1.6103989 | L39: lr= | M39: 0.1 | Z39: 4 | AA39: =AA25 -> -0.059635256 | AB39: =MATCH(MAX(FRONTEND!M31:Q31),FRONTEND!M31:Q31,0) -> 4 | AC39: =IF($AB39=AC$35,$AA39,0) -> 0 | AD39: =IF($AB39=AD$35,$AA39,0) -> 0 | AE39: =IF($AB39=AE$35,$AA39,0) -> 0 | AF39: =IF($AB39=AF$35,$AA39,0) -> -0.059635256 | AG39: =IF($AB39=AG$35,$AA39,0) -> 0 | AI39: 0 | AJ39: 0 | AK39: 0 | AL39: 1.2610502 | AM39: 1.0201002 | AN39: 0.20946803 | AO39: -1.5474479 | AP39: -0.51000095 | AQ39: 0 | AR39: 0 | AS39: 0
H40: 5 | I40: =MAX(I30:J30) -> 3.9314647 | U40: KE POOLING | Z40: 5 | AA40: =AA26 -> -0.23198828 | AB40: =MATCH(MAX(FRONTEND!M32:Q32),FRONTEND!M32:Q32,0) -> 1 | AC40: =IF($AB40=AC$35,$AA40,0) -> -0.23198828 | AD40: =IF($AB40=AD$35,$AA40,0) -> 0 | AE40: =IF($AB40=AE$35,$AA40,0) -> 0 | AF40: =IF($AB40=AF$35,$AA40,0) -> 0 | AG40: =IF($AB40=AG$35,$AA40,0) -> 0 | AI40: 0 | AJ40: 0 | AK40: 0 | AL40: -1.9148228 | AM40: -0.96507706 | AN40: -0.73600695 | AO40: -1.2146669 | AP40: 0.61213976 | AQ40: 0 | AR40: 0 | AS40: 0
H41: 6 | I41: =MAX(I31:J31) -> 1.9038575 | U41: 1 | V41: Pers 2.102 | Z41: 6 | AA41: =AA27 -> -0.21925155 | AB41: =MATCH(MAX(FRONTEND!M33:Q33),FRONTEND!M33:Q33,0) -> 5 | AC41: =IF($AB41=AC$35,$AA41,0) -> 0 | AD41: =IF($AB41=AD$35,$AA41,0) -> 0 | AE41: =IF($AB41=AE$35,$AA41,0) -> 0 | AF41: =IF($AB41=AF$35,$AA41,0) -> 0 | AG41: =IF($AB41=AG$35,$AA41,0) -> -0.21925155 | AI41: 0 | AJ41: 0 | AK41: 0 | AL41: 0.61185768 | AM41: -1.6862565 | AN41: -0.39331256 | AO41: 1.0273144 | AP41: 1.3115002 | AQ41: 0 | AR41: 0 | AS41: 0
T42: 1 | U42: {=SUM(MMULT(TRANSPOSE($U$14:$U$16),TRANSPOSE(P7:R7)))} -> 0.23365279 | AI42: 0 | AJ42: 0 | AK42: 0 | AL42: -0.4509497 | AM42: 0.098350912 | AN42: 1.3402387 | AO42: 0.52920668 | AP42: 0.78585619 | AQ42: 0 | AR42: 0 | AS42: 0
I43: MEAN-POOLING | T43: 2 | U43: {=SUM(MMULT(TRANSPOSE($U$14:$U$16),TRANSPOSE(P8:R8)))} -> 0.26817469 | AA43: KE RELU | AB43: Pers 2.11 | AI43: 0 | AJ43: 0 | AK43: 0 | AL43: 0 | AM43: 0 | AN43: 0 | AO43: 0 | AP43: 0 | AQ43: 0 | AR43: 0 | AS43: 0
I44: KERNEL 1x2 | J44: Pers 2.92 | T44: 3 | U44: {=SUM(MMULT(TRANSPOSE($U$14:$U$16),TRANSPOSE(P9:R9)))} -> 0.34329045 | AA44: 1 | AB44: 2 | AC44: 3 | AD44: 4 | AE44: 5 | AI44: 0 | AJ44: 0 | AK44: 0 | AL44: 0 | AM44: 0 | AN44: 0 | AO44: 0 | AP44: 0 | AQ44: 0 | AR44: 0 | AS44: 0
E45: 1 | F45: 2 | I45: 1 | T45: 4 | U45: {=SUM(MMULT(TRANSPOSE($U$14:$U$16),TRANSPOSE(P10:R10)))} -> 0.10760311 | Z45: 1 | AA45: =AC36*IF(AC36>0,1,0) -> 0 | AB45: =AD36*IF(AD36>0,1,0) -> 0 | AC45: =AE36*IF(AE36>0,1,0) -> 0 | AD45: =AF36*IF(AF36>0,1,0) -> 0 | AE45: =AG36*IF(AG36>0,1,0) -> 0 | AI45: 0 | AJ45: 0 | AK45: 0 | AL45: 0 | AM45: 0 | AN45: 0 | AO45: 0 | AP45: 0 | AQ45: 0 | AR45: 0 | AS45: 0
D46: 1 | E46: =AVERAGE(I26:I31) -> 2.02834 | F46: =AVERAGE(J26:J31) -> 2.0931661 | H46: 1 | I46: =AVERAGE(I26:J26) -> 3.1525815 | T46: 5 | U46: {=SUM(MMULT(TRANSPOSE($U$14:$U$16),TRANSPOSE(P11:R11)))} -> 0.2562948 | Z46: 2 | AA46: =AC37*IF(AC37>0,1,0) -> 0 | AB46: =AD37*IF(AD37>0,1,0) -> 0 | AC46: =AE37*IF(AE37>0,1,0) -> 0 | AD46: =AF37*IF(AF37>0,1,0) -> 0 | AE46: =AG37*IF(AG37>0,1,0) -> 0
H47: 2 | I47: =AVERAGE(I27:J27) -> 1.6280402 | T47: 6 | U47: {=SUM(MMULT(TRANSPOSE($U$14:$U$16),TRANSPOSE(P12:R12)))} -> -0.45170029 | Z47: 3 | AA47: =AC38*IF(AC38>0,1,0) -> 0 | AB47: =AD38*IF(AD38>0,1,0) -> 0 | AC47: =AE38*IF(AE38>0,1,0) -> 0.23678866 | AD47: =AF38*IF(AF38>0,1,0) -> 0 | AE47: =AG38*IF(AG38>0,1,0) -> 0
H48: 3 | I48: =AVERAGE(I28:J28) -> 1.7928732 | T48: 7 | U48: {=SUM(MMULT(TRANSPOSE($U$14:$U$16),TRANSPOSE(P13:R13)))} -> 0.049794373 | Z48: 4 | AA48: =AC39*IF(AC39>0,1,0) -> 0 | AB48: =AD39*IF(AD39>0,1,0) -> 0 | AC48: =AE39*IF(AE39>0,1,0) -> 0 | AD48: =AF39*IF(AF39>0,1,0) -> 0 | AE48: =AG39*IF(AG39>0,1,0) -> 0
H49: 4 | I49: =AVERAGE(I29:J29) -> 1.4191583 | T49: 8 | U49: {=SUM(MMULT(TRANSPOSE($U$14:$U$16),TRANSPOSE(P14:R14)))} -> -0.16983087 | Z49: 5 | AA49: =AC40*IF(AC40>0,1,0) -> 0 | AB49: =AD40*IF(AD40>0,1,0) -> 0 | AC49: =AE40*IF(AE40>0,1,0) -> 0 | AD49: =AF40*IF(AF40>0,1,0) -> 0 | AE49: =AG40*IF(AG40>0,1,0) -> 0
H50: 5 | I50: =AVERAGE(I30:J30) -> 2.9653661 | T50: 9 | U50: {=SUM(MMULT(TRANSPOSE($U$14:$U$16),TRANSPOSE(P15:R15)))} -> -0.31306354 | Z50: 6 | AA50: =AC41*IF(AC41>0,1,0) -> 0 | AB50: =AD41*IF(AD41>0,1,0) -> 0 | AC50: =AE41*IF(AE41>0,1,0) -> 0 | AD50: =AF41*IF(AF41>0,1,0) -> 0 | AE50: =AG41*IF(AG41>0,1,0) -> 0
H51: 6 | I51: =AVERAGE(I31:J31) -> 1.4064989 | T51: 10 | U51: {=SUM(MMULT(TRANSPOSE($U$14:$U$16),TRANSPOSE(P16:R16)))} -> -0.19327688
T52: 11 | U52: {=SUM(MMULT(TRANSPOSE($U$14:$U$16),TRANSPOSE(P17:R17)))} -> -0.11991324 | AA52: KERNEL | AB52: Pers 2.13 | AF52: BIAS | AG52: Pers 2.14
I53: CONCATENATE | J53: Pers 2.92 | T53: 12 | U53: {=SUM(MMULT(TRANSPOSE($U$14:$U$16),TRANSPOSE(P18:R18)))} -> 0.081470739 | AA53: 1 | AB53: 2 | AC53: 3 | AF53: 1
E54: 1 | I54: 1 | Z54: 1 | AA54: {=FRONTEND!$M7-$M$39*SUM($AA$45:$AE$50*AK35:AO40)} -> -0.53023032 | AB54: {=FRONTEND!$N7-$M$39*SUM($AA$45:$AE$50*AL35:AP40)} -> 0.87121685 | AC54: {=FRONTEND!$O7-$M$39*SUM($AA$45:$AE$50*AM35:AQ40)} -> -0.53291295 | AE54: 1 | AF54: =FRONTEND!$W$7-$M$39*SUM(AA22:AA27) -> 1.0692662
D55: 1 | E55: {=TRANSPOSE(E36:F36)} -> 3.9314647 | H55: 1 | I55: =I36 -> 3.7265026 | T55: Pers 2.104 | U55: MAX-POOLING | W55: HASIL | Z55: 2 | AA55: {=FRONTEND!$M8-$M$39*SUM($AA$45:$AE$50*AK36:AO41)} -> 0.1039334 | AB55: {=FRONTEND!$N8-$M$39*SUM($AA$45:$AE$50*AL36:AP41)} -> -0.16826256 | AC55: {=FRONTEND!$O8-$M$39*SUM($AA$45:$AE$50*AM36:AQ41)} -> -0.75863414
D56: 2 | E56: 2.5786605 | H56: 2 | I56: =I37 -> 2.3298871 | U56: 1 | V56: argmax | W56: 1 | X56: 2 | Z56: 3 | AA56: {=FRONTEND!$M9-$M$39*SUM($AA$45:$AE$50*AK37:AO42)} -> 0.71784518 | AB56: {=FRONTEND!$N9-$M$39*SUM($AA$45:$AE$50*AL37:AP42)} -> 0.80004003 | AC56: {=FRONTEND!$O9-$M$39*SUM($AA$45:$AE$50*AM37:AQ42)} -> -0.94035819
D57: 3 | E57: {=TRANSPOSE(E46:F46)} -> 2.02834 | H57: 3 | I57: =I38 -> 2.5194061 | T57: 1 | U57: =U42 -> 0.23365279 | V57: =MATCH(MAX(I26:J26),I26:J26,0) -> 1 | W57: =IF($V57=W$56,$U57,0) -> 0.23365279 | X57: =IF($V57=X$56,$U57,0) -> 0 | Z57: 4 | AA57: {=FRONTEND!$M10-$M$39*SUM($AA$45:$AE$50*AK38:AO43)} -> 0.80485193 | AB57: {=FRONTEND!$N10-$M$39*SUM($AA$45:$AE$50*AL38:AP43)} -> 0.53342781 | AC57: {=FRONTEND!$O10-$M$39*SUM($AA$45:$AE$50*AM38:AQ43)} -> -0.88523807
D58: 4 | E58: 2.0931661 | H58: 4 | I58: =I39 -> 1.6103989 | T58: 2 | U58: =U43 -> 0.26817469 | V58: =MATCH(MAX(I27:J27),I27:J27,0) -> 2 | W58: =IF($V58=W$56,$U58,0) -> 0 | X58: =IF($V58=X$56,$U58,0) -> 0.26817469 | Z58: 5 | AA58: {=FRONTEND!$M11-$M$39*SUM($AA$45:$AE$50*AK39:AO44)} -> 0.44892864 | AB58: {=FRONTEND!$N11-$M$39*SUM($AA$45:$AE$50*AL39:AP44)} -> -0.4286868 | AC58: {=FRONTEND!$O11-$M$39*SUM($AA$45:$AE$50*AM39:AQ44)} -> 0.26867436
H59: 5 | I59: =I40 -> 3.9314647 | T59: 3 | U59: =U44 -> 0.34329045 | V59: =MATCH(MAX(I28:J28),I28:J28,0) -> 2 | W59: =IF($V59=W$56,$U59,0) -> 0 | X59: =IF($V59=X$56,$U59,0) -> 0.34329045
H60: 6 | I60: =I41 -> 1.9038575 | T60: 4 | U60: =U45 -> 0.10760311 | V60: =MATCH(MAX(I29:J29),I29:J29,0) -> 1 | W60: =IF($V60=W$56,$U60,0) -> 0.10760311 | X60: =IF($V60=X$56,$U60,0) -> 0
H61: 7 | I61: =I46 -> 3.1525815 | T61: 5 | U61: =U46 -> 0.2562948 | V61: =MATCH(MAX(I30:J30),I30:J30,0) -> 1 | W61: =IF($V61=W$56,$U61,0) -> 0.2562948 | X61: =IF($V61=X$56,$U61,0) -> 0 | AA61: FRONT-END
H62: 8 | I62: =I47 -> 1.6280402 | T62: 6 | U62: =U47 -> -0.45170029 | V62: =MATCH(MAX(I31:J31),I31:J31,0) -> 2 | W62: =IF($V62=W$56,$U62,0) -> 0 | X62: =IF($V62=X$56,$U62,0) -> -0.45170029 | AA62: KONVOLUSI HORIZONTAL | AI62: 0 | AJ62: 0 | AK62: 0
H63: 9 | I63: =I48 -> 1.7928732 | AA63: KE RELU | AB63: Pers 2.17 | AI63: 0 | AJ63: {=FRONTEND!B26:B31} -> 0.36548104 | AK63: 0
H64: 10 | I64: =I49 -> 1.4191583 | T64: Pers 2.104 | U64: MEAN-POOLING | W64: k= | AA64: 1 | AI64: 0 | AJ64: -0.24318937 | AK64: 0
H65: 11 | I65: =I50 -> 2.9653661 | U65: 1 | V65: 2 | W65: 2 | Z65: 1 | AA65: =AB22*IF(AB22>0,1,0) -> 0 | AI65: 0 | AJ65: 0.086633902 | AK65: 0
H66: 12 | I66: =I51 -> 1.4064989 | T66: 1 | U66: =$U48*1/$W$65 -> 0.024897186 | V66: =$U48*1/$W$65 -> 0.024897186 | Z66: 2 | AA66: =AB23*IF(AB23>0,1,0) -> 0 | AI66: 0 | AJ66: -0.8436868 | AK66: 0
T67: 2 | U67: =$U49*1/$W$65 -> -0.084915433 | V67: =$U49*1/$W$65 -> -0.084915433 | Z67: 3 | AA67: =AB24*IF(AB24>0,1,0) -> 0 | AI67: 0 | AJ67: 0.17422067 | AK67: 0
T68: 3 | U68: =$U50*1/$W$65 -> -0.15653177 | V68: =$U50*1/$W$65 -> -0.15653177 | Z68: 4 | AA68: =AB25*IF(AB25>0,1,0) -> 0 | AI68: 0 | AJ68: 0.46054055 | AK68: 0
T69: 4 | U69: =$U51*1/$W$65 -> -0.096638438 | V69: =$U51*1/$W$65 -> -0.096638438 | Z69: 5 | AA69: =AB26*IF(AB26>0,1,0) -> 0 | AI69: 0 | AJ69: 0 | AK69: 0
T70: 5 | U70: =$U52*1/$W$65 -> -0.059956619 | V70: =$U52*1/$W$65 -> -0.059956619 | Z70: 6 | AA70: =AB27*IF(AB27>0,1,0) -> 0
T71: 6 | U71: =$U53*1/$W$65 -> 0.040735369 | V71: =$U53*1/$W$65 -> 0.040735369
AA72: KERNEL | AB72: Pers 2.18 | AD72: BIAS | AE72: Pers 2.19
U73: KE BACK-END | W73: Pers 2.104 | AA73: 1 | AD73: 1
U74: 1 | V74: 2 | Z74: 1 | AA74: {=FRONTEND!T7-$M39*SUM($AA$65:$AA$70*AJ62:AJ67)} -> 0.122 | AC74: 1 | AD74: =FRONTEND!$W$7-$M$39*SUM(AB22:AB27) -> 1.1020598
T75: 1 | U75: =W57+U66 -> 0.25854998 | V75: =X57+V66 -> 0.024897186 | Z75: 2 | AA75: {=FRONTEND!T8-$M40*SUM($AA$65:$AA$70*AJ63:AJ68)} -> 0.516
T76: 2 | U76: =W58+U67 -> -0.084915433 | V76: =X58+V67 -> 0.18325926 | Z76: 3 | AA76: {=FRONTEND!T9-$M41*SUM($AA$65:$AA$70*AJ64:AJ69)} -> -0.977
T77: 3 | U77: =W59+U68 -> -0.15653177 | V77: =X59+V68 -> 0.18675868
T78: 4 | U78: =W60+U69 -> 0.010964669 | V78: =X60+V69 -> -0.096638438
T79: 5 | U79: =W61+U70 -> 0.19633818 | V79: =X61+V70 -> -0.059956619
T80: 6 | U80: =W62+U71 -> 0.040735369 | V80: =X62+V71 -> -0.41096492
